timestamp,ticker,title,category,direction,edge_pct,implied_prob,true_prob,confidence,suggested_live_dollars,suggested_paper_dollars,is_paper_bet,paper_entry_price_cents,outcome,resolved_at,notes
2026-03-30T02:58:07.385767Z,KXCITRINI-28JUL01,"Will the number of unemployment rate exceeds 10% (monthly BLS); S&P 500 declines more than 30% from its closing level on Issuance; Zillow Home Value Index declines more than 10% YoY in any of: NYC, LA, San Francisco, Chicago, Houston, Phoenix; labor share of gross domestic income (GDI) first-release value for any quarter falls below 50%; CPI-U (All items, not seasonally-adjusted) YoY falls below 0% in any monthly release during before July 2028 be above 2?",Elections,NO,-10.0,0.3,0.2,78,0.7,19.6,1,70,,,
2026-03-30T02:58:07.616718Z,KXRATECUT-26DEC31,Will the Federal Reserve cut rates before 2027?,Economics,NO,-20.1,0.63,0.429,80,0.39,39.78,1,39,,,
2026-03-30T02:58:07.855559Z,KXLEADERSOUT-27JAN01-VZELUKR,"Will Volodymyr Zelenskyy leave President of Ukraine before Jan 1, 2027?",Politics,YES,23.5,0.115,0.35,75,0.36,39.96,1,12,,,
2026-03-30T02:58:08.060402Z,KXLARGECUT-26,Will the Fed cut rates more than 25 bps in 2026?,Economics,YES,26.4,0.165,0.429,90,0.34,49.98,1,17,,,
2026-03-30T02:58:08.265445Z,KXSOLMAXY-27JAN01-150,"Will the spot price of Solana be above $150.00 before Jan 1, 2027 at 12:00 AM ET?",Crypto,NO,-24.05,0.325,0.0845,70,0.7,39.9,1,70,,,
2026-03-30T02:58:08.428449Z,KXSOLMAXY-27JAN01-160,"Will the spot price of Solana be above $160.00 before Jan 1, 2027 at 12:00 AM ET?",Crypto,NO,-24.16,0.305,0.0634,70,0.71,39.76,1,71,,,
2026-03-30T02:58:08.619371Z,KXSOLMAXY-27JAN01-170,"Will the spot price of Solana be above $170.00 before Jan 1, 2027 at 12:00 AM ET?",Crypto,NO,-19.74,0.245,0.0476,70,0.79,39.5,1,79,,,
2026-03-30T02:58:08.800442Z,KXETHMINY-27JAN01-1750,"Will Ethereum reach below $1750.00 by Jan 1, 2027 at 12:00AM ET?",Crypto,NO,-44.42,0.82,0.3758,85,0.44,49.94,1,22,,,
2026-03-30T02:58:09.031348Z,KXETHMINY-27JAN01-1500,"Will Ethereum reach below $1500.00 by Jan 1, 2027 at 12:00AM ET?",Crypto,NO,-42.55,0.685,0.2595,85,0.32,49.92,1,32,,,
2026-03-30T02:58:09.139584Z,KXETHMINY-27JAN01-1250,"Will Ethereum reach below $1250.00 by Jan 1, 2027 at 12:00AM ET?",Crypto,NO,-37.42,0.525,0.1508,85,0.48,49.92,1,48,,,
2026-03-30T02:58:09.251132Z,KXETHMINY-27JAN01-1000,"Will Ethereum reach below $1000.00 by Jan 1, 2027 at 12:00AM ET?",Crypto,NO,-28.42,0.35,0.0658,85,0.66,49.5,1,66,,,
2026-03-30T02:58:09.486042Z,KXETHMINY-27JAN01-750,"Will Ethereum reach below $750.00 by Jan 1, 2027 at 12:00AM ET?",Crypto,NO,-18.8,0.205,0.017,70,0.8,40.0,1,80,,,
2026-03-30T02:58:09.611481Z,KXETHMAXY-27JAN01-3500.00,"Will Ethereum reach above $3500.00 by Jan 1, 2027 at 12:00AM?",Crypto,NO,-18.68,0.31,0.1232,75,0.7,39.9,1,70,,,
2026-03-30T02:58:09.834113Z,KXETHMAXY-27JAN01-3750.00,"Will Ethereum reach above $3750.00 by Jan 1, 2027 at 12:00AM?",Crypto,NO,-15.92,0.255,0.0958,70,0.75,39.75,1,75,,,
2026-03-30T02:58:09.940561Z,KXETHMAXY-27JAN01-4000.00,"Will Ethereum reach above $4000.00 by Jan 1, 2027 at 12:00AM?",Crypto,NO,-14.55,0.22,0.0745,68,0.8,20.0,1,80,,,
2026-03-30T02:58:10.035656Z,KXETHMAXY-27JAN01-4250.00,"Will Ethereum reach above $4250.00 by Jan 1, 2027 at 12:00AM?",Crypto,NO,-12.71,0.185,0.0579,63,0.82,19.68,1,82,,,
2026-03-30T02:58:10.318118Z,KXETHMAXY-27JAN01-4500.00,"Will Ethereum reach above $4500.00 by Jan 1, 2027 at 12:00AM?",Crypto,NO,-10.99,0.155,0.0451,68,0.85,19.55,1,85,,,
2026-03-30T02:58:10.425049Z,KXETHMAXY-27JAN01-4750.00,"Will Ethereum reach above $4750.00 by Jan 1, 2027 at 12:00AM?",Crypto,NO,-8.98,0.125,0.0352,63,0.88,19.36,1,88,,,
2026-03-30T02:58:10.698349Z,KXETHMAXY-27JAN01-5000.00,"Will Ethereum reach above $5000.00 by Jan 1, 2027 at 12:00AM?",Crypto,NO,-10.75,0.135,0.0275,68,0.87,19.14,1,87,,,
2026-03-30T02:58:11.997220Z,KXBTCMINY-27JAN01-60000.00,"Will Bitcoin be below $60000.00 by Jan 1, 2027 at 12:00am ET?",Crypto,NO,-40.72,0.79,0.3828,90,0.44,49.94,1,22,,,
2026-03-30T02:58:12.201748Z,KXBTCMINY-27JAN01-55000.00,"Will Bitcoin be below $55000.00 by Jan 1, 2027 at 12:00am ET?",Crypto,NO,-40.21,0.7,0.2979,90,0.32,49.92,1,32,,,
2026-03-30T02:58:12.371490Z,KXBTCMINY-27JAN01-50000.00,"Will Bitcoin be below $50000.00 by Jan 1, 2027 at 12:00am ET?",Crypto,NO,-41.87,0.635,0.2163,90,0.39,49.92,1,39,,,
2026-03-30T02:58:12.639948Z,KXBTCMINY-27JAN01-45000.00,"Will Bitcoin be below $45000.00 by Jan 1, 2027 at 12:00am ET?",Crypto,NO,-34.68,0.49,0.1432,90,0.52,49.92,1,52,,,
2026-03-30T02:58:13.038089Z,KXBTCMINY-27JAN01-40000.00,"Will Bitcoin be below $40000.00 by Jan 1, 2027 at 12:00am ET?",Crypto,NO,-28.13,0.365,0.0837,85,0.64,49.92,1,64,,,
2026-03-30T02:58:13.304281Z,KXBTCMAX100-26-SEP,"Will Bitcoin be above $100000 by October 1, 2026 at 12:00AM ET?",Crypto,NO,-11.88,0.215,0.0962,68,0.79,19.75,1,79,,,
2026-03-30T02:58:13.556909Z,KXBTCMAX100-26-DEC,"Will Bitcoin be above $100000.00 by Jan 1, 2027 at 12:00AM ET?",Crypto,NO,-18.17,0.325,0.1433,75,0.68,39.44,1,68,,,
2026-03-30T02:58:13.661470Z,KXBTCMAXY-26DEC31-99999.99,"Will Bitcoin be above $99,999.99 by Dec 31, 2026 at 11:59 PM ET?",Crypto,NO,-17.17,0.315,0.1433,80,0.69,39.33,1,69,,,
2026-03-30T02:58:14.024000Z,KXBTCMAXY-26DEC31-109999.99,"Will Bitcoin be above $109,999.99 by Dec 31, 2026 at 11:59 PM ET?",Crypto,NO,-12.66,0.22,0.0934,68,0.79,19.75,1,79,,,
2026-03-30T02:58:14.197409Z,KXBTCMAXY-26DEC31-119999.99,"Will Bitcoin be above $119,999.99 by Dec 31, 2026 at 11:59 PM ET?",Crypto,NO,-11.47,0.175,0.0603,68,0.83,19.92,1,83,,,
2026-03-30T02:58:14.322135Z,KXBTCMAXY-26DEC31-129999.99,"Will Bitcoin be above $129,999.99 by Dec 31, 2026 at 11:59 PM ET?",Crypto,NO,-8.63,0.125,0.0387,68,0.88,19.36,1,88,,,
2026-03-30T02:58:14.422605Z,KXBTCMAXY-26DEC31-139999.99,"Will Bitcoin be above $139,999.99 by Dec 31, 2026 at 11:59 PM ET?",Crypto,NO,-9.02,0.115,0.0248,63,0.89,19.58,1,89,,,
2026-03-30T02:58:14.698339Z,KXRATECUTCOUNT-26DEC31-T1,Will the Fed cut rates 1 times?,Economics,YES,19.4,0.235,0.429,80,0.24,39.84,1,24,,,
2026-03-30T02:58:14.839253Z,KXRATECUTCOUNT-26DEC31-T2,Will the Fed cut rates 2 times?,Economics,YES,26.9,0.16,0.429,90,0.34,49.98,1,17,,,
2026-03-30T02:58:15.139973Z,KXRATECUTCOUNT-26DEC31-T3,Will the Fed cut rates 3 times?,Economics,YES,33.4,0.095,0.429,85,0.5,50.0,1,10,,,
2026-03-30T02:58:15.244630Z,KXEMERCUTS-26-T0,Will the Fed cut rates 0 times at emergency meetings?,Economics,NO,-38.1,0.81,0.429,90,0.4,50.0,1,20,,,
2026-03-30T02:58:15.461635Z,KXEMERCUTS-26-T1,Will the Fed cut rates 1 times at emergency meetings?,Economics,YES,29.9,0.13,0.429,85,0.42,49.98,1,14,,,
2026-03-30T02:58:15.598132Z,KXFEDDECISION-26JUL-H0,Will the Federal Reserve Hike rates by 0bps at their July 2026 meeting?,Economics,NO,-24.9,0.82,0.571,75,0.4,40.0,1,20,,,
2026-03-30T02:58:15.991465Z,KXFEDDECISION-26JUN-C25,Will the Federal Reserve Cut rates by 25bps at their June 2026 meeting?,Economics,YES,35.4,0.075,0.429,85,0.45,49.95,1,9,,,
2026-03-30T02:58:16.192422Z,KXFEDDECISION-26JUN-H0,Will the Federal Reserve Hike rates by 0bps at their June 2026 meeting?,Economics,NO,-28.4,0.855,0.571,95,0.45,49.95,1,15,,,
2026-03-30T02:58:16.302515Z,KXFEDDECISION-26JUN-H25,Will the Federal Reserve Hike rates by 25bps at their June 2026 meeting?,Economics,YES,51.1,0.06,0.571,85,0.49,49.98,1,7,,,
2026-03-30T02:58:16.435418Z,KXPCECORE-26APR-T0.1,Will the rate of core PCE inflation be above 0.1% in April 2026?,Economics,NO,-13.0,0.93,0.8,73,0.1,18.0,1,10,,,
2026-03-30T02:58:16.658257Z,KXJPMOMINF-26APR17-T-0.3,Will the Japan inflation rate MoM for March 2026 be above -0.3%?,Economics,NO,-12.0,0.92,0.8,68,0.1,17.1,1,10,,,
2026-03-30T02:58:16.768988Z,KXJPMOMINF-26APR17-T-0.1,Will the Japan inflation rate MoM for March 2026 be above -0.1%?,Economics,NO,-9.5,0.895,0.8,68,0.11,16.72,1,11,,,
2026-03-30T02:58:16.997369Z,KXNHLMETROPOLITAN-26-CAR,Will Carolina Hurricanes win the NHL Metropolitan Division?,Sports,NO,-78.0,0.93,0.15,85,0.5,50.0,1,10,,,
2026-03-30T02:58:17.097078Z,KXCPIYOY-26MAR-T3.0,Will the rate of CPI inflation be above 3.0% for the year ending in March 2026?,Economics,NO,-30.6,0.95,0.644,95,0.48,49.98,1,6,,,
2026-03-30T02:58:17.251802Z,KXCPIYOY-26MAR-T3.1,Will the rate of CPI inflation be above 3.1% for the year ending in March 2026?,Economics,NO,-26.1,0.895,0.634,95,0.44,49.94,1,11,,,
2026-03-30T02:58:17.419079Z,KXCPIYOY-26MAR-T3.2,Will the rate of CPI inflation be above 3.2% for the year ending in March 2026?,Economics,NO,-16.1,0.785,0.624,80,0.23,36.8,1,23,,,
2026-03-30T02:58:17.521932Z,KXCPIYOY-26MAR-T3.3,Will the rate of CPI inflation be above 3.3% for the year ending in March 2026?,Economics,YES,18.9,0.425,0.614,80,0.43,39.99,1,43,,,
2026-03-30T02:58:17.632879Z,KXCPIYOY-26MAR-T3.4,Will the rate of CPI inflation be above 3.4% for the year ending in March 2026?,Economics,YES,38.4,0.22,0.604,85,0.46,49.91,1,23,,,
2026-03-30T02:58:18.062679Z,KXRAINCHIM-26MAR-4,Rain in Chicago in Mar 2026?,Climate and Weather,NO,-21.5,0.565,0.35,80,0.5,40.0,1,50,,,
2026-03-30T02:58:18.382242Z,KXTORNADO-26MAR-200,Will there be more than 200 tornadoes in March?,Climate and Weather,NO,-19.0,0.29,0.1,75,0.8,40.0,1,80,,,
2026-03-30T02:58:18.566449Z,KXRAINNYCM-26MAR-4,Rain in NYC in Mar 2026?,Climate and Weather,YES,22.0,0.13,0.35,75,0.34,37.57,1,17,,,
2026-03-30T02:58:18.670621Z,KXXRPMINMON-XRP-26MAR31-130,"Will XRP trimmed mean be below $1.30 by 11:59 PM ET on Mar 31, 2026?",Crypto,NO,-74.0,0.74,0.0,80,0.4,50.0,1,40,,,
2026-03-30T02:58:18.784751Z,KXSOLMINMON-SOL-26MAR31-8000,"Will SOL trimmed mean be below $80.00 by 11:59 PM ET on Mar 31, 2026?",Crypto,NO,-73.26,0.865,0.1324,80,0.46,49.91,1,23,,,
2026-03-30T02:58:19.025128Z,KXBTCMINMON-BTC-26MAR31-6500000,"Will BTC trimmed mean be below $65000.00 by 11:59 PM ET on Mar 31, 2026?",Crypto,NO,-40.75,0.57,0.1625,90,0.45,49.95,1,45,,,
2026-03-30T02:58:19.119723Z,KXBTCMINMON-BTC-26MAR31-6250000,"Will BTC trimmed mean be below $62500.00 by 11:59 PM ET on Mar 31, 2026?",Crypto,NO,-14.12,0.155,0.0138,68,0.87,19.14,1,87,,,
2026-03-30T02:58:19.228643Z,FEDHIKE-27JUN30,"Will the Federal Reserve hike rates by June 30, 2027?",Economics,YES,17.6,0.395,0.571,75,0.41,39.77,1,41,,,
2026-03-30T02:58:19.554756Z,FEDHIKE-26JUN30,"Will the Federal Reserve hike rates by June 30, 2026?",Economics,YES,46.6,0.105,0.571,85,0.44,49.94,1,11,,,
2026-03-30T02:58:19.664995Z,FEDHIKE-26DEC31,"Will the Federal Reserve hike rates by December 31, 2026?",Economics,YES,31.1,0.26,0.571,90,0.27,49.95,1,27,,,
2026-03-30T05:32:25.266941Z,KXSOLMAXY-27JAN01-180,"Will the spot price of Solana be above $180.00 before Jan 1, 2027 at 12:00 AM ET?",Crypto,NO,-22.26,0.26,0.0374,70,0.77,39.27,1,77,,,
2026-03-30T05:32:25.456801Z,KXETHMAXY-27JAN01-6000.00,"Will Ethereum reach above $6000.00 by Jan 1, 2027 at 12:00AM?",Crypto,NO,-8.32,0.095,0.0118,68,0.91,19.11,1,91,,,
2026-03-30T05:32:25.656961Z,KXBTCMAXY-26DEC31-149999.99,"Will Bitcoin be above $149,999.99 by Dec 31, 2026 at 11:59 PM ET?",Crypto,NO,-8.28,0.1,0.0172,63,0.91,19.11,1,91,,,
2026-03-30T05:32:25.898174Z,KXRAINDALM-26MAR-3,Rain in Dallas in Mar 2026?,Climate and Weather,YES,20.5,0.145,0.35,75,0.22,25.08,1,22,,,
2026-03-30T12:00:49.323664Z,KXRAINMIAM-26MAR-4,Rain in Miami in Mar 2026?,Climate and Weather,NO,-54.5,0.895,0.35,90,0.42,49.98,1,14,,,
2026-03-30T14:07:49.805845Z,KXSOLMAXY-27JAN01-200,"Will the spot price of Solana be above $200.00 before Jan 1, 2027 at 12:00 AM ET?",Crypto,NO,-16.41,0.185,0.0209,70,0.85,39.95,1,85,,,
2026-03-30T18:32:53.543394Z,KXHIGHTSFO-26MAR30-T73,"Will the maximum temperature be  >73° on Mar 30, 2026?",Climate and Weather,NO,-21.0,0.71,0.5,70,0.31,39.99,1,31,,,
2026-03-30T18:32:53.829775Z,KXHIGHTPHX-26MAR30-B95.5,"Will the maximum temperature be  95-96° on Mar 30, 2026?",Climate and Weather,NO,-16.5,0.665,0.5,70,0.34,39.78,1,34,,,
2026-03-30T19:58:51.186252Z,KXLOWTLAX-26MAR30-B56.5,"Will the minimum temperature be  56-57° on Mar 30, 2026?",Climate and Weather,NO,-44.5,0.945,0.5,80,0.48,49.98,1,6,,,
2026-03-30T19:58:51.463927Z,KXHIGHTATL-26MAR30-B74.5,"Will the maximum temperature be  74-75° on Mar 30, 2026?",Climate and Weather,NO,-20.5,0.705,0.5,70,0.32,40.0,1,32,,,
2026-03-30T20:58:35.553207Z,KXLOWTDEN-26MAR30-B50.5,"Will the minimum temperature be  50-51° on Mar 30, 2026?",Climate and Weather,NO,-38.5,0.885,0.5,80,0.48,49.92,1,12,,,
2026-03-30T20:58:35.787526Z,KXHIGHTLV-26MAR30-B89.5,"Will the maximum temperature be  89-90° on Mar 30, 2026?",Climate and Weather,NO,-26.0,0.76,0.5,80,0.27,49.95,1,27,,,
2026-03-30T20:58:36.061224Z,KXHIGHTDC-26MAR30-B72.5,"Will the maximum temperature be  72-73° on Mar 30, 2026?",Climate and Weather,NO,-29.0,0.79,0.5,80,0.44,49.94,1,22,,,
2026-03-30T20:58:36.360206Z,KXHIGHTDAL-26MAR30-B83.5,"Will the maximum temperature be  83-84° on Mar 30, 2026?",Climate and Weather,NO,-12.0,0.62,0.5,63,0.39,19.89,1,39,,,
2026-03-30T20:58:36.615850Z,KXHIGHTATL-26MAR30-B72.5,"Will the maximum temperature be  72-73° on Mar 30, 2026?",Climate and Weather,NO,-33.5,0.835,0.5,80,0.38,49.97,1,19,,,
2026-03-30T22:48:27.024015Z,KXLOWTAUS-26MAR30-T64,"Will the minimum temperature be  >64° on Mar 30, 2026?",Climate and Weather,NO,-41.5,0.915,0.5,80,0.5,50.0,1,10,,,
2026-03-30T22:48:27.377110Z,KXHIGHTSFO-26MAR30-B70.5,"Will the maximum temperature be  70-71° on Mar 30, 2026?",Climate and Weather,YES,10.0,0.4,0.5,63,0.0,1.38,1,46,,,
2026-03-30T22:48:27.682236Z,KXHIGHTSEA-26MAR30-B50.5,"Will the maximum temperature be  50-51° on Mar 30, 2026?",Climate and Weather,NO,-39.0,0.89,0.5,80,0.39,49.92,1,13,,,
2026-03-30T22:48:27.910091Z,KXHIGHTMIN-26MAR30-B72.5,"Will the maximum temperature be  72-73° on Mar 30, 2026?",Climate and Weather,NO,-42.5,0.925,0.5,80,0.48,50.0,1,8,,,
2026-03-30T22:48:28.282381Z,KXHIGHTLV-26MAR30-B87.5,"Will the maximum temperature be  87-88° on Mar 30, 2026?",Climate and Weather,NO,-27.5,0.775,0.5,80,0.26,49.92,1,26,,,
2026-03-30T23:45:58.965407Z,KXHIGHTSFO-26MAR30-B72.5,"Will the maximum temperature be  72-73° on Mar 30, 2026?",Climate and Weather,NO,-33.0,0.83,0.5,80,0.38,49.97,1,19,,,
2026-03-31T02:51:14.681982Z,KXCITRINI-28JUL01,"Will the number of unemployment rate exceeds 10% (monthly BLS); S&P 500 declines more than 30% from its closing level on Issuance; Zillow Home Value Index declines more than 10% YoY in any of: NYC, LA, San Francisco, Chicago, Houston, Phoenix; labor share of gross domestic income (GDI) first-release value for any quarter falls below 50%; CPI-U (All items, not seasonally-adjusted) YoY falls below 0% in any monthly release during before July 2028 be above 2?",Elections,NO,-14.0,0.34,0.2,78,0.66,19.8,1,66,,,
2026-03-31T02:51:14.975944Z,KXRATECUT-26DEC31,Will the Federal Reserve cut rates before 2027?,Economics,NO,-24.9,0.655,0.406,80,0.36,39.96,1,36,,,
2026-03-31T02:51:15.273603Z,KXLEADERSOUT-27JAN01-VZELUKR,"Will Volodymyr Zelenskyy leave President of Ukraine before Jan 1, 2027?",Politics,YES,22.5,0.125,0.35,75,0.39,39.91,1,13,,,
2026-03-31T02:51:15.521951Z,KXLARGECUT-26,Will the Fed cut rates more than 25 bps in 2026?,Economics,YES,23.6,0.17,0.406,80,0.36,39.96,1,18,,,
2026-03-31T02:51:15.722163Z,KXSOLMAXY-27JAN01-150,"Will the spot price of Solana be above $150.00 before Jan 1, 2027 at 12:00 AM ET?",Crypto,NO,-29.68,0.38,0.0832,80,0.65,49.4,1,65,,,
2026-03-31T02:51:15.965304Z,KXSOLMAXY-27JAN01-160,"Will the spot price of Solana be above $160.00 before Jan 1, 2027 at 12:00 AM ET?",Crypto,NO,-26.29,0.325,0.0621,80,0.69,49.68,1,69,,,
2026-03-31T02:51:16.199907Z,KXSOLMAXY-27JAN01-170,"Will the spot price of Solana be above $170.00 before Jan 1, 2027 at 12:00 AM ET?",Crypto,NO,-23.87,0.285,0.0463,70,0.76,39.52,1,76,,,
2026-03-31T02:51:16.463995Z,KXSOLMAXY-27JAN01-180,"Will the spot price of Solana be above $180.00 before Jan 1, 2027 at 12:00 AM ET?",Crypto,NO,-22.04,0.255,0.0346,70,0.75,39.75,1,75,,,
2026-03-31T02:51:16.690637Z,KXSOLMAXY-27JAN01-200,"Will the spot price of Solana be above $200.00 before Jan 1, 2027 at 12:00 AM ET?",Crypto,NO,-16.57,0.185,0.0193,70,0.83,39.84,1,83,,,
2026-03-31T02:51:16.916122Z,KXETHMINY-27JAN01-1750,"Will Ethereum reach below $1750.00 by Jan 1, 2027 at 12:00AM ET?",Crypto,NO,-41.67,0.775,0.3583,85,0.5,50.0,1,25,,,
2026-03-31T02:51:17.149079Z,KXETHMINY-27JAN01-1500,"Will Ethereum reach below $1500.00 by Jan 1, 2027 at 12:00AM ET?",Crypto,NO,-41.08,0.655,0.2442,85,0.35,49.7,1,35,,,
2026-03-31T02:51:17.423078Z,KXETHMINY-27JAN01-1250,"Will Ethereum reach below $1250.00 by Jan 1, 2027 at 12:00AM ET?",Crypto,NO,-35.56,0.495,0.1394,85,0.51,49.98,1,51,,,
2026-03-31T02:51:17.585766Z,KXETHMINY-27JAN01-1000,"Will Ethereum reach below $1000.00 by Jan 1, 2027 at 12:00AM ET?",Crypto,NO,-26.57,0.325,0.0593,85,0.7,49.7,1,70,,,
2026-03-31T02:51:17.855105Z,KXETHMINY-27JAN01-750,"Will Ethereum reach below $750.00 by Jan 1, 2027 at 12:00AM ET?",Crypto,NO,-19.02,0.205,0.0148,70,0.8,40.0,1,80,,,
2026-03-31T02:51:17.990391Z,KXETHMAXY-27JAN01-3500.00,"Will Ethereum reach above $3500.00 by Jan 1, 2027 at 12:00AM?",Crypto,NO,-21.38,0.345,0.1312,75,0.66,39.6,1,66,,,
2026-03-31T02:51:18.200401Z,KXETHMAXY-27JAN01-3750.00,"Will Ethereum reach above $3750.00 by Jan 1, 2027 at 12:00AM?",Crypto,NO,-16.76,0.27,0.1024,70,0.74,39.96,1,74,,,
2026-03-31T02:51:18.357957Z,KXETHMAXY-27JAN01-4000.00,"Will Ethereum reach above $4000.00 by Jan 1, 2027 at 12:00AM?",Crypto,NO,-15.52,0.235,0.0798,75,0.77,39.27,1,77,,,
2026-03-31T02:51:18.748525Z,KXETHMAXY-27JAN01-4250.00,"Will Ethereum reach above $4250.00 by Jan 1, 2027 at 12:00AM?",Crypto,NO,-13.27,0.195,0.0623,63,0.81,19.44,1,81,,,
2026-03-31T02:51:20.170867Z,KXETHMAXY-27JAN01-4500.00,"Will Ethereum reach above $4500.00 by Jan 1, 2027 at 12:00AM?",Crypto,NO,-12.64,0.175,0.0486,68,0.83,19.92,1,83,,,
2026-03-31T02:51:20.475880Z,KXETHMAXY-27JAN01-4750.00,"Will Ethereum reach above $4750.00 by Jan 1, 2027 at 12:00AM?",Crypto,NO,-10.7,0.145,0.038,63,0.86,19.78,1,86,,,
2026-03-31T02:51:20.818303Z,KXETHMAXY-27JAN01-5000.00,"Will Ethereum reach above $5000.00 by Jan 1, 2027 at 12:00AM?",Crypto,NO,-10.52,0.135,0.0298,68,0.87,19.14,1,87,,,
2026-03-31T02:51:29.983714Z,KXBTCMINY-27JAN01-60000.00,"Will Bitcoin be below $60000.00 by Jan 1, 2027 at 12:00am ET?",Crypto,NO,-41.9,0.785,0.366,90,0.44,49.94,1,22,,,
2026-03-31T02:51:30.248468Z,KXBTCMINY-27JAN01-55000.00,"Will Bitcoin be below $55000.00 by Jan 1, 2027 at 12:00am ET?",Crypto,NO,-44.52,0.725,0.2798,90,0.28,49.84,1,28,,,
2026-03-31T02:51:30.471715Z,KXBTCMINY-27JAN01-50000.00,"Will Bitcoin be below $50000.00 by Jan 1, 2027 at 12:00am ET?",Crypto,NO,-42.66,0.625,0.1984,90,0.4,50.0,1,40,,,
2026-03-31T02:51:30.709677Z,KXBTCMINY-27JAN01-45000.00,"Will Bitcoin be below $45000.00 by Jan 1, 2027 at 12:00am ET?",Crypto,NO,-32.27,0.45,0.1273,90,0.56,49.84,1,56,,,
2026-03-31T02:51:31.002647Z,KXBTCMINY-27JAN01-40000.00,"Will Bitcoin be below $40000.00 by Jan 1, 2027 at 12:00am ET?",Crypto,NO,-24.36,0.315,0.0714,75,0.69,39.33,1,69,,,
2026-03-31T02:51:31.251118Z,KXBTCMAX100-26-SEP,"Will Bitcoin be above $100000 by October 1, 2026 at 12:00AM ET?",Crypto,NO,-13.05,0.225,0.0945,68,0.78,19.5,1,78,,,
2026-03-31T02:51:31.515864Z,KXBTCMAX100-26-DEC,"Will Bitcoin be above $100000.00 by Jan 1, 2027 at 12:00AM ET?",Crypto,NO,-19.33,0.335,0.1417,75,0.67,39.53,1,67,,,
2026-03-31T02:51:31.781626Z,KXBTCMAXY-26DEC31-99999.99,"Will Bitcoin be above $99,999.99 by Dec 31, 2026 at 11:59 PM ET?",Crypto,NO,-19.32,0.335,0.1418,80,0.67,39.53,1,67,,,
2026-03-31T02:51:32.084519Z,KXBTCMAXY-26DEC31-109999.99,"Will Bitcoin be above $109,999.99 by Dec 31, 2026 at 11:59 PM ET?",Crypto,NO,-14.43,0.235,0.0907,68,0.77,19.25,1,77,,,
2026-03-31T02:51:32.337384Z,KXBTCMAXY-26DEC31-119999.99,"Will Bitcoin be above $119,999.99 by Dec 31, 2026 at 11:59 PM ET?",Crypto,NO,-11.77,0.175,0.0573,68,0.83,19.92,1,83,,,
2026-03-31T02:51:32.548081Z,KXBTCMAXY-26DEC31-129999.99,"Will Bitcoin be above $129,999.99 by Dec 31, 2026 at 11:59 PM ET?",Crypto,NO,-9.9,0.135,0.036,68,0.87,19.14,1,87,,,
2026-03-31T02:51:32.823280Z,KXBTCMAXY-26DEC31-139999.99,"Will Bitcoin be above $139,999.99 by Dec 31, 2026 at 11:59 PM ET?",Crypto,NO,-9.25,0.115,0.0225,63,0.89,19.58,1,89,,,
2026-03-31T02:51:33.149283Z,KXBTCMAXY-26DEC31-149999.99,"Will Bitcoin be above $149,999.99 by Dec 31, 2026 at 11:59 PM ET?",Crypto,NO,-8.09,0.095,0.0141,63,0.91,19.11,1,91,,,
2026-03-31T02:51:33.301031Z,KXRATECUTCOUNT-26DEC31-T1,Will the Fed cut rates 1 times?,Economics,YES,18.6,0.22,0.406,80,0.23,39.79,1,23,,,
2026-03-31T02:51:33.617245Z,KXRATECUTCOUNT-26DEC31-T2,Will the Fed cut rates 2 times?,Economics,YES,22.1,0.185,0.406,80,0.38,39.9,1,19,,,
2026-03-31T02:51:33.854815Z,KXRATECUTCOUNT-26DEC31-T3,Will the Fed cut rates 3 times?,Economics,YES,30.6,0.1,0.406,85,0.5,50.0,1,10,,,
2026-03-31T02:51:38.517024Z,KXEMERCUTS-26-T0,Will the Fed cut rates 0 times at emergency meetings?,Economics,NO,-43.4,0.84,0.406,90,0.34,49.98,1,17,,,
2026-03-31T02:51:38.762902Z,KXEMERCUTS-26-T1,Will the Fed cut rates 1 times at emergency meetings?,Economics,YES,29.6,0.11,0.406,85,0.39,49.92,1,13,,,
2026-03-31T02:51:38.978651Z,KXFEDDECISION-26JUL-H0,Will the Federal Reserve Hike rates by 0bps at their July 2026 meeting?,Economics,NO,-19.1,0.785,0.594,75,0.22,39.82,1,22,,,
2026-03-31T02:51:39.206689Z,KXFEDDECISION-26JUN-C25,Will the Federal Reserve Cut rates by 25bps at their June 2026 meeting?,Economics,YES,31.6,0.09,0.406,85,0.5,50.0,1,10,,,
2026-03-31T02:51:39.437286Z,KXFEDDECISION-26JUN-H0,Will the Federal Reserve Hike rates by 0bps at their June 2026 meeting?,Economics,NO,-26.1,0.855,0.594,95,0.45,49.95,1,15,,,
2026-03-31T02:51:39.655760Z,KXPCECORE-26APR-T0.1,Will the rate of core PCE inflation be above 0.1% in April 2026?,Economics,NO,-13.0,0.93,0.8,73,0.1,18.0,1,10,,,
2026-03-31T02:51:39.884411Z,KXJPMOMINF-26APR17-T-0.3,Will the Japan inflation rate MoM for March 2026 be above -0.3%?,Economics,NO,-10.5,0.905,0.8,68,0.1,18.4,1,10,,,
2026-03-31T02:51:40.182616Z,KXJPMOMINF-26APR17-T-0.1,Will the Japan inflation rate MoM for March 2026 be above -0.1%?,Economics,NO,-9.5,0.895,0.8,68,0.11,16.72,1,11,,,
2026-03-31T02:51:40.461367Z,KXCPIYOY-26MAR-T3.1,Will the rate of CPI inflation be above 3.1% for the year ending in March 2026?,Economics,NO,-31.58,0.94,0.6242,95,0.49,49.98,1,7,,,
2026-03-31T02:51:40.728247Z,KXCPIYOY-26MAR-T3.2,Will the rate of CPI inflation be above 3.2% for the year ending in March 2026?,Economics,NO,-15.58,0.77,0.6142,80,0.24,37.68,1,24,,,
2026-03-31T02:51:41.154056Z,KXCPIYOY-26MAR-T3.3,Will the rate of CPI inflation be above 3.3% for the year ending in March 2026?,Economics,YES,13.92,0.465,0.6042,73,0.49,19.6,1,49,,,
2026-03-31T02:51:41.359181Z,KXCPIYOY-26MAR-T3.4,Will the rate of CPI inflation be above 3.4% for the year ending in March 2026?,Economics,YES,44.92,0.145,0.5942,85,0.45,49.95,1,15,,,
2026-03-31T02:51:41.504055Z,KXRAINDALM-26MAR-3,Rain in Dallas in Mar 2026?,Climate and Weather,YES,26.0,0.09,0.35,85,0.45,47.25,1,15,,,
2026-03-31T02:51:41.707126Z,KXRAINCHIM-26MAR-4,Rain in Chicago in Mar 2026?,Climate and Weather,NO,-55.0,0.9,0.35,90,0.44,49.94,1,11,,,
2026-03-31T02:51:41.857225Z,KXTORNADO-26MAR-200,Will there be more than 200 tornadoes in March?,Climate and Weather,NO,-14.0,0.24,0.1,68,0.77,19.25,1,77,,,
2026-03-31T02:51:42.040989Z,KXXRPMINMON-XRP-26MAR31-130,"Will XRP trimmed mean be below $1.30 by 11:59 PM ET on Mar 31, 2026?",Crypto,NO,-42.0,0.42,0.0,80,0.61,49.41,1,61,,,
2026-03-31T02:51:42.210910Z,KXSOLMINMON-SOL-26MAR31-8000,"Will SOL trimmed mean be below $80.00 by 11:59 PM ET on Mar 31, 2026?",Crypto,NO,-34.85,0.385,0.0365,80,0.72,49.68,1,72,,,
2026-03-31T02:51:42.409629Z,KXLOWTDEN-26MAR30-B50.5,"Will the minimum temperature be  50-51° on Mar 30, 2026?",Climate and Weather,NO,-36.5,0.865,0.5,70,0.42,49.98,1,14,,,
2026-03-31T02:51:42.543324Z,KXLOWTAUS-26MAR30-T64,"Will the minimum temperature be  >64° on Mar 30, 2026?",Climate and Weather,NO,-44.5,0.945,0.5,70,0.45,49.95,1,9,,,
2026-03-31T02:51:42.685801Z,FEDHIKE-27JUN30,"Will the Federal Reserve hike rates by June 30, 2027?",Economics,YES,21.9,0.375,0.594,75,0.38,39.9,1,38,,,
2026-03-31T02:51:43.194888Z,FEDHIKE-26JUN30,"Will the Federal Reserve hike rates by June 30, 2026?",Economics,YES,52.4,0.07,0.594,85,0.48,50.0,1,8,,,
2026-03-31T02:51:43.418768Z,FEDHIKE-26DEC31,"Will the Federal Reserve hike rates by December 31, 2026?",Economics,YES,38.4,0.21,0.594,90,0.46,49.91,1,23,,,
2026-03-31T11:56:12.023491Z,KXRATECUTCOUNT-26DEC31-T0,Will the Fed cut rates 0 times?,Economics,YES,11.6,0.35,0.466,78,0.36,19.8,1,36,,,
2026-03-31T11:56:12.340131Z,KXBTCMINMON-BTC-26MAR31-6500000,"Will BTC trimmed mean be below $65000.00 by 11:59 PM ET on Mar 31, 2026?",Crypto,NO,-20.98,0.29,0.0802,75,0.74,39.96,1,74,,,
2026-03-31T13:55:40.322374Z,KXCPIYOY-26MAR-T3.0,Will the rate of CPI inflation be above 3.0% for the year ending in March 2026?,Economics,NO,-31.91,0.95,0.6309,95,0.48,49.98,1,6,,,
2026-03-31T13:55:40.570794Z,KXHIGHTBOS-26MAR31-T63,"Will the maximum temperature be  >63° on Mar 31, 2026?",Climate and Weather,NO,-17.5,0.675,0.5,70,0.33,39.93,1,33,,,
2026-03-31T15:13:12.519689Z,KXLOWTLAX-26MAR31-T59,"Will the minimum temperature be  >59° on Mar 31, 2026?",Climate and Weather,NO,-41.0,0.91,0.5,80,0.5,50.0,1,10,,,
2026-03-31T16:35:55.827179Z,KXETHMAXY-27JAN01-6000.00,"Will Ethereum reach above $6000.00 by Jan 1, 2027 at 12:00AM?",Crypto,NO,-8.63,0.095,0.0087,68,0.91,19.11,1,91,,,
2026-03-31T16:35:56.051181Z,KXRAINCHIM-26MAR-5,Rain in Chicago in Mar 2026?,Climate and Weather,YES,12.5,0.225,0.35,63,0.29,4.64,1,29,,,
2026-03-31T18:00:22.634771Z,KXCPIYOY-26MAR-T2.9,Will the rate of CPI inflation be above 2.9% for the year ending in March 2026?,Economics,NO,-30.93,0.95,0.6407,90,0.48,49.98,1,6,,,
2026-03-31T18:00:23.031869Z,KXHIGHTBOS-26MAR31-B56.5,"Will the maximum temperature be  56-57° on Mar 31, 2026?",Climate and Weather,NO,-30.5,0.805,0.5,80,0.28,49.84,1,28,,,
2026-03-31T19:17:43.845853Z,KXCPICOREYOY-26MAR-T2.6,Will the rate of core CPI inflation be above 2.6% for the year ending in March 2026?,Economics,YES,15.61,0.515,0.6711,75,0.53,39.75,1,53,,,
2026-03-31T19:17:44.155220Z,KXINTLFRIENDLYGAME-26MAR31UKRALB-UKR,Ukraine vs Albania Winner?,Sports,NO,-10.0,0.45,0.35,68,0.57,19.95,1,57,,,
2026-03-31T20:07:24.729718Z,KXHIGHTATL-26MAR31-B83.5,"Will the maximum temperature be  83-84° on Mar 31, 2026?",Climate and Weather,NO,-38.0,0.88,0.5,80,0.39,49.92,1,13,,,
2026-03-31T21:06:41.923617Z,KXHIGHTSATX-26MAR31-B89.5,"Will the maximum temperature be  89-90° on Mar 31, 2026?",Climate and Weather,NO,-34.5,0.845,0.5,80,0.48,49.92,1,24,,,
2026-03-31T21:06:42.094158Z,KXHIGHTPHX-26MAR31-B93.5,"Will the maximum temperature be  93-94° on Mar 31, 2026?",Climate and Weather,YES,17.5,0.325,0.5,70,0.35,37.45,1,35,,,
2026-03-31T22:05:27.677325Z,KXLOWTCHI-26MAR31-T43,"Will the minimum temperature be  <43° on Mar 31, 2026?",Climate and Weather,NO,-24.0,0.74,0.5,70,0.29,39.73,1,29,,,
2026-03-31T22:05:28.118209Z,KXLOWTAUS-26MAR31-B65.5,"Will the minimum temperature be  65-66° on Mar 31, 2026?",Climate and Weather,NO,-44.5,0.945,0.5,80,0.48,49.98,1,6,,,
2026-03-31T22:05:28.287367Z,KXHIGHTSFO-26MAR31-B66.5,"Will the maximum temperature be  66-67° on Mar 31, 2026?",Climate and Weather,NO,-38.0,0.88,0.5,80,0.39,49.92,1,13,,,
2026-03-31T22:05:28.638032Z,KXHIGHTSEA-26MAR31-B56.5,"Will the maximum temperature be  56-57° on Mar 31, 2026?",Climate and Weather,NO,-39.0,0.89,0.5,80,0.39,49.92,1,13,,,
2026-03-31T22:05:28.795373Z,KXHIGHTPHX-26MAR31-B91.5,"Will the maximum temperature be  91-92° on Mar 31, 2026?",Climate and Weather,NO,-27.5,0.775,0.5,80,0.26,49.92,1,26,,,
2026-03-31T23:03:07.989522Z,KXHIGHTPHX-26MAR31-T91,"Will the maximum temperature be  <91° on Mar 31, 2026?",Climate and Weather,NO,-40.0,0.9,0.5,80,0.44,49.94,1,11,,,
2026-03-31T23:03:08.383940Z,KXHIGHTLV-26MAR31-B79.5,"Will the maximum temperature be  79-80° on Mar 31, 2026?",Climate and Weather,NO,-35.5,0.855,0.5,80,0.48,49.92,1,16,,,
2026-04-01T00:02:11.888490Z,KXCITRINI-28JUL01,"Will the number of unemployment rate exceeds 10% (monthly BLS); S&P 500 declines more than 30% from its closing level on Issuance; Zillow Home Value Index declines more than 10% YoY in any of: NYC, LA, San Francisco, Chicago, Houston, Phoenix; labor share of gross domestic income (GDI) first-release value for any quarter falls below 50%; CPI-U (All items, not seasonally-adjusted) YoY falls below 0% in any monthly release during before July 2028 be above 2?",Elections,NO,-8.0,0.28,0.2,78,0.72,19.44,1,72,,,
2026-04-01T00:02:12.185986Z,KXTESLASEMI-27JAN-1000,Will Tesla Inc report above 1000 Semi Trucks Produced before Jan 2027?,Companies,NO,-63.42,0.635,0.0008,85,0.37,49.95,1,37,,,
2026-04-01T00:02:12.584757Z,KXTESLASEMI-27JAN-5000,Will Tesla Inc report above 5000 Semi Trucks Produced before Jan 2027?,Companies,NO,-20.0,0.2,0.0,75,0.81,39.69,1,81,,,
2026-04-01T00:02:12.841437Z,KXRATECUT-26DEC31,Will the Federal Reserve cut rates before 2027?,Economics,NO,-24.5,0.665,0.42,80,0.34,39.78,1,34,,,
2026-04-01T00:02:13.073719Z,KXLARGECUT-26,Will the Fed cut rates more than 25 bps in 2026?,Economics,YES,25.5,0.165,0.42,90,0.34,49.98,1,17,,,
2026-04-01T00:02:13.354800Z,KXSOLMAXY-27JAN01-150,"Will the spot price of Solana be above $150.00 before Jan 1, 2027 at 12:00 AM ET?",Crypto,NO,-29.45,0.375,0.0805,80,0.66,49.5,1,66,,,
2026-04-01T00:02:13.866500Z,KXSOLMAXY-27JAN01-160,"Will the spot price of Solana be above $160.00 before Jan 1, 2027 at 12:00 AM ET?",Crypto,NO,-27.0,0.33,0.06,80,0.69,49.68,1,69,,,
2026-04-01T00:02:14.136551Z,KXSOLMAXY-27JAN01-170,"Will the spot price of Solana be above $170.00 before Jan 1, 2027 at 12:00 AM ET?",Crypto,NO,-24.03,0.285,0.0447,70,0.76,39.52,1,76,,,
2026-04-01T00:02:14.396549Z,KXSOLMAXY-27JAN01-180,"Will the spot price of Solana be above $180.00 before Jan 1, 2027 at 12:00 AM ET?",Crypto,NO,-22.17,0.255,0.0333,70,0.75,39.75,1,75,,,
2026-04-01T00:02:14.624482Z,KXSOLMAXY-27JAN01-200,"Will the spot price of Solana be above $200.00 before Jan 1, 2027 at 12:00 AM ET?",Crypto,NO,-15.64,0.175,0.0186,70,0.84,39.48,1,84,,,
2026-04-01T00:02:14.876175Z,KXETHMINY-27JAN01-1750,"Will Ethereum reach below $1750.00 by Jan 1, 2027 at 12:00AM ET?",Crypto,NO,-42.63,0.77,0.3437,85,0.27,49.95,1,27,,,
2026-04-01T00:02:15.075521Z,KXETHMINY-27JAN01-1500,"Will Ethereum reach below $1500.00 by Jan 1, 2027 at 12:00AM ET?",Crypto,NO,-41.49,0.645,0.2301,85,0.36,49.68,1,36,,,
2026-04-01T00:02:15.407176Z,KXETHMINY-27JAN01-1250,"Will Ethereum reach below $1250.00 by Jan 1, 2027 at 12:00AM ET?",Crypto,NO,-35.71,0.485,0.1279,85,0.52,49.92,1,52,,,
2026-04-01T00:02:15.743450Z,KXETHMINY-27JAN01-1000,"Will Ethereum reach below $1000.00 by Jan 1, 2027 at 12:00AM ET?",Crypto,NO,-27.27,0.325,0.0523,85,0.69,49.68,1,69,,,
2026-04-01T00:02:16.067507Z,KXETHMINY-27JAN01-750,"Will Ethereum reach below $750.00 by Jan 1, 2027 at 12:00AM ET?",Crypto,NO,-19.28,0.205,0.0122,70,0.8,40.0,1,80,,,
2026-04-01T00:02:16.458139Z,KXETHMAXY-27JAN01-3500.00,"Will Ethereum reach above $3500.00 by Jan 1, 2027 at 12:00AM?",Crypto,NO,-20.63,0.34,0.1337,75,0.67,39.53,1,67,,,
2026-04-01T00:02:16.594682Z,KXETHMAXY-27JAN01-3750.00,"Will Ethereum reach above $3750.00 by Jan 1, 2027 at 12:00AM?",Crypto,NO,-17.61,0.28,0.1039,70,0.73,39.42,1,73,,,
2026-04-01T00:02:16.878416Z,KXETHMAXY-27JAN01-4000.00,"Will Ethereum reach above $4000.00 by Jan 1, 2027 at 12:00AM?",Crypto,NO,-15.43,0.235,0.0807,75,0.78,39.78,1,78,,,
2026-04-01T00:02:17.142555Z,KXETHMAXY-27JAN01-4250.00,"Will Ethereum reach above $4250.00 by Jan 1, 2027 at 12:00AM?",Crypto,NO,-14.23,0.205,0.0627,63,0.8,20.0,1,80,,,
2026-04-01T00:02:17.265478Z,KXETHMAXY-27JAN01-4500.00,"Will Ethereum reach above $4500.00 by Jan 1, 2027 at 12:00AM?",Crypto,NO,-12.63,0.175,0.0487,68,0.83,19.92,1,83,,,
2026-04-01T00:02:17.487683Z,KXETHMAXY-27JAN01-4750.00,"Will Ethereum reach above $4750.00 by Jan 1, 2027 at 12:00AM?",Crypto,NO,-10.71,0.145,0.0379,63,0.86,19.78,1,86,,,
2026-04-01T00:02:17.636340Z,KXETHMAXY-27JAN01-5000.00,"Will Ethereum reach above $5000.00 by Jan 1, 2027 at 12:00AM?",Crypto,NO,-10.54,0.135,0.0296,68,0.87,19.14,1,87,,,
2026-04-01T00:02:17.783470Z,KXBTCMINY-27JAN01-60000.00,"Will Bitcoin be below $60000.00 by Jan 1, 2027 at 12:00am ET?",Crypto,NO,-42.48,0.785,0.3602,90,0.44,49.94,1,22,,,
2026-04-01T00:02:18.078706Z,KXBTCMINY-27JAN01-55000.00,"Will Bitcoin be below $55000.00 by Jan 1, 2027 at 12:00am ET?",Crypto,NO,-44.08,0.715,0.2742,90,0.29,49.88,1,29,,,
2026-04-01T00:02:18.546030Z,KXBTCMINY-27JAN01-50000.00,"Will Bitcoin be below $50000.00 by Jan 1, 2027 at 12:00am ET?",Crypto,NO,-42.16,0.615,0.1934,90,0.39,49.92,1,39,,,
2026-04-01T00:02:18.926502Z,KXBTCMINY-27JAN01-45000.00,"Will Bitcoin be below $45000.00 by Jan 1, 2027 at 12:00am ET?",Crypto,NO,-31.67,0.44,0.1233,90,0.58,49.88,1,58,,,
2026-04-01T00:02:19.263486Z,KXBTCMINY-27JAN01-40000.00,"Will Bitcoin be below $40000.00 by Jan 1, 2027 at 12:00am ET?",Crypto,NO,-25.64,0.325,0.0686,85,0.68,49.64,1,68,,,
2026-04-01T00:02:19.391299Z,KXBTCMAX100-26-SEP,"Will Bitcoin be above $100000 by October 1, 2026 at 12:00AM ET?",Crypto,NO,-10.89,0.205,0.0961,68,0.8,20.0,1,80,,,
2026-04-01T00:02:19.667957Z,KXBTCMAX100-26-DEC,"Will Bitcoin be above $100000.00 by Jan 1, 2027 at 12:00AM ET?",Crypto,NO,-18.13,0.325,0.1437,75,0.68,39.44,1,68,,,
2026-04-01T00:02:19.894413Z,KXBTCMAXY-26DEC31-99999.99,"Will Bitcoin be above $99,999.99 by Dec 31, 2026 at 11:59 PM ET?",Crypto,NO,-20.13,0.345,0.1437,80,0.66,39.6,1,66,,,
2026-04-01T00:02:20.045897Z,KXBTCMAXY-26DEC31-109999.99,"Will Bitcoin be above $109,999.99 by Dec 31, 2026 at 11:59 PM ET?",Crypto,NO,-14.31,0.235,0.0919,68,0.77,19.25,1,77,,,
2026-04-01T00:02:20.184307Z,KXBTCMAXY-26DEC31-119999.99,"Will Bitcoin be above $119,999.99 by Dec 31, 2026 at 11:59 PM ET?",Crypto,NO,-11.69,0.175,0.0581,68,0.83,19.92,1,83,,,
2026-04-01T00:02:20.465243Z,KXBTCMAXY-26DEC31-129999.99,"Will Bitcoin be above $129,999.99 by Dec 31, 2026 at 11:59 PM ET?",Crypto,NO,-9.86,0.135,0.0364,68,0.87,19.14,1,87,,,
2026-04-01T00:02:20.590715Z,KXBTCMAXY-26DEC31-139999.99,"Will Bitcoin be above $139,999.99 by Dec 31, 2026 at 11:59 PM ET?",Crypto,NO,-9.23,0.115,0.0227,63,0.89,19.58,1,89,,,
2026-04-01T00:02:21.011403Z,KXBTCMAXY-26DEC31-149999.99,"Will Bitcoin be above $149,999.99 by Dec 31, 2026 at 11:59 PM ET?",Crypto,NO,-9.08,0.105,0.0142,63,0.9,19.8,1,90,,,
2026-04-01T00:02:21.552739Z,KXNASDAQ100POS-26DEC31H1600-T25249.85,"Will the Nasdaq-100 be above 25249.85 at the end of Dec 31, 2026 at 4pm EST?",Financials,NO,-47.0,0.47,0.0,85,0.55,49.5,1,55,,,
2026-04-01T00:02:21.808568Z,KXINXPOS-26DEC31H1900-T6845.5,"Will the S&P 500 be above 6845.5 on Dec 31, 2026 at 4pm EST?",Financials,NO,-50.5,0.505,0.0,95,0.5,50.0,1,50,,,
2026-04-01T00:02:22.053398Z,KXNASDAQ100Y-26DEC31H1600-T19000,"Will the Nasdaq-100 be below 19000 at the end of Dec 31, 2026 at 4pm EST?",Financials,YES,81.0,0.19,1.0,95,0.4,50.0,1,20,,,
2026-04-01T00:02:22.191521Z,KXINXY-26DEC31H1600-T4000,"Will the S&P 500 be below 4000 on Dec 31, 2026 at 4pm EST?",Financials,YES,94.5,0.055,1.0,85,0.48,49.98,1,6,,,
2026-04-01T00:02:22.457407Z,KXRATECUTCOUNT-26DEC31-T0,Will the Fed cut rates 0 times?,Economics,YES,9.0,0.33,0.42,78,0.33,19.8,1,33,,,
2026-04-01T00:02:22.599218Z,KXRATECUTCOUNT-26DEC31-T1,Will the Fed cut rates 1 times?,Economics,YES,16.5,0.255,0.42,80,0.26,39.78,1,26,,,
2026-04-01T00:02:22.908690Z,KXRATECUTCOUNT-26DEC31-T2,Will the Fed cut rates 2 times?,Economics,YES,23.5,0.185,0.42,80,0.38,39.9,1,19,,,
2026-04-01T00:02:23.117416Z,KXRATECUTCOUNT-26DEC31-T3,Will the Fed cut rates 3 times?,Economics,YES,32.0,0.1,0.42,85,0.5,50.0,1,10,,,
2026-04-01T00:02:23.245241Z,KXEMERCUTS-26-T0,Will the Fed cut rates 0 times at emergency meetings?,Economics,NO,-42.0,0.84,0.42,90,0.34,49.98,1,17,,,
2026-04-01T00:02:23.409810Z,KXEMERCUTS-26-T1,Will the Fed cut rates 1 times at emergency meetings?,Economics,YES,31.5,0.105,0.42,85,0.39,49.92,1,13,,,
2026-04-01T00:02:23.741304Z,KXMETAHEADCOUNT-26JUL-76000,"Will Meta Platforms, Inc. report above 76000 Headcount in Q1 2026?",Companies,NO,-94.5,0.945,0.0,85,0.49,49.98,1,7,,,
2026-04-01T00:02:23.976881Z,KXMETAHEADCOUNT-26JUL-77000,"Will Meta Platforms, Inc. report above 77000 Headcount in Q1 2026?",Companies,NO,-78.5,0.785,0.0,85,0.44,49.94,1,22,,,
2026-04-01T00:02:24.198882Z,KXFEDDECISION-26JUL-H0,Will the Federal Reserve Hike rates by 0bps at their July 2026 meeting?,Economics,NO,-20.0,0.78,0.58,75,0.23,39.79,1,23,,,
2026-04-01T00:02:24.471341Z,KXFEDDECISION-26JUN-C25,Will the Federal Reserve Cut rates by 25bps at their June 2026 meeting?,Economics,YES,34.0,0.08,0.42,85,0.5,50.0,1,10,,,
2026-04-01T00:02:24.684730Z,KXFEDDECISION-26JUN-H0,Will the Federal Reserve Hike rates by 0bps at their June 2026 meeting?,Economics,NO,-29.5,0.875,0.58,95,0.39,49.92,1,13,,,
2026-04-01T00:02:24.944946Z,KXPCECORE-26APR-T0.1,Will the rate of core PCE inflation be above 0.1% in April 2026?,Economics,NO,-13.0,0.93,0.8,73,0.1,18.0,1,10,,,
2026-04-01T00:02:25.116527Z,KXJPMOMINF-26APR17-T-0.3,Will the Japan inflation rate MoM for March 2026 be above -0.3%?,Economics,NO,-11.5,0.915,0.8,68,0.18,19.98,1,9,,,
2026-04-01T00:02:25.313499Z,KXJPMOMINF-26APR17-T-0.1,Will the Japan inflation rate MoM for March 2026 be above -0.1%?,Economics,NO,-9.5,0.895,0.8,68,0.11,16.72,1,11,,,
2026-04-01T00:02:25.547692Z,KXCPICOREYOY-26MAR-T2.6,Will the rate of core CPI inflation be above 2.6% for the year ending in March 2026?,Economics,YES,17.11,0.5,0.6711,75,0.51,39.78,1,51,,,
2026-04-01T00:02:25.684299Z,KXCPIYOY-26MAR-T3.1,Will the rate of CPI inflation be above 3.1% for the year ending in March 2026?,Economics,NO,-30.89,0.93,0.6211,95,0.48,50.0,1,8,,,
2026-04-01T00:02:26.051505Z,KXCPIYOY-26MAR-T3.2,Will the rate of CPI inflation be above 3.2% for the year ending in March 2026?,Economics,NO,-26.89,0.88,0.6111,90,0.42,49.98,1,14,,,
2026-04-01T00:02:26.197775Z,KXCPIYOY-26MAR-T3.3,Will the rate of CPI inflation be above 3.3% for the year ending in March 2026?,Economics,YES,17.11,0.43,0.6011,80,0.44,39.6,1,44,,,
2026-04-01T00:02:26.403612Z,KXCPIYOY-26MAR-T3.4,Will the rate of CPI inflation be above 3.4% for the year ending in March 2026?,Economics,YES,39.61,0.195,0.5911,85,0.44,49.94,1,22,,,
2026-04-01T00:02:26.537724Z,FEDHIKE-27JUN30,"Will the Federal Reserve hike rates by June 30, 2027?",Economics,YES,20.5,0.375,0.58,75,0.38,39.9,1,38,,,
2026-04-01T00:02:26.721869Z,FEDHIKE-26JUN30,"Will the Federal Reserve hike rates by June 30, 2026?",Economics,YES,52.0,0.06,0.58,85,0.49,49.98,1,7,,,
2026-04-01T00:02:26.881861Z,FEDHIKE-26DEC31,"Will the Federal Reserve hike rates by December 31, 2026?",Economics,YES,38.5,0.195,0.58,90,0.4,50.0,1,20,,,
2026-04-01T03:21:48.996569Z,KXMETAHEADCOUNT-26JUL-78000,"Will Meta Platforms, Inc. report above 78000 Headcount in Q1 2026?",Companies,NO,-19.5,0.195,0.0,75,0.83,39.84,1,83,,,
2026-04-01T05:36:15.041230Z,KXHIGHMIA-26APR01-B81.5,"Will the **high temp in Miami** be 81-82° on Apr 1, 2026?",Climate and Weather,NO,-37.43,0.58,0.2057,80,0.44,49.72,1,44,,,
2026-04-01T11:58:04.552458Z,FEDHIKE-27DEC31,"Will the Federal Reserve hike rates by December 31, 2027?",Economics,NO,-10.0,0.6,0.5,68,0.41,19.68,1,41,,,
2026-04-01T13:59:49.076780Z,KXHIGHNY-26APR01-B76.5,"Will the **high temp in NYC** be 76-77° on Apr 1, 2026?",Climate and Weather,NO,-26.17,0.4,0.1383,80,0.61,49.41,1,61,,,
2026-04-01T13:59:49.277988Z,KXINXU-26APR01H1600-T6524.9999,"Will the S&P 500 be above 6524.9999 on Apr 1, 2026 at 4pm EDT?",Financials,NO,-80.0,0.8,0.0,80,0.44,49.94,1,22,,,
2026-04-01T13:59:49.499116Z,KXINXU-26APR01H1600-T6549.9999,"Will the S&P 500 be above 6549.9999 on Apr 1, 2026 at 4pm EDT?",Financials,NO,-66.5,0.665,0.0,80,0.35,49.7,1,35,,,
2026-04-01T15:22:32.879148Z,KXHIGHCHI-26APR01-B40.5,"Will the high temp in Chicago be 40-41° on Apr 1, 2026?",Climate and Weather,NO,-12.23,0.345,0.2227,63,0.67,19.43,1,67,,,
2026-04-01T15:22:33.129924Z,KXNASDAQ100U-26APR01H1600-T23899.99,"Will the Nasdaq-100 be above 23899.99 at the end of Apr 1, 2026 at 4pm EDT?",Financials,NO,-88.5,0.885,0.0,70,0.39,49.92,1,13,,,
2026-04-01T15:22:33.368014Z,KXINXU-26APR01H1600-T6574.9999,"Will the S&P 500 be above 6574.9999 on Apr 1, 2026 at 4pm EDT?",Financials,NO,-73.0,0.73,0.0,70,0.29,49.88,1,29,,,
2026-04-01T15:22:33.678910Z,KXINXU-26APR01H1600-T6599.9999,"Will the S&P 500 be above 6599.9999 on Apr 1, 2026 at 4pm EDT?",Financials,NO,-45.0,0.45,0.0,70,0.57,49.59,1,57,,,
2026-04-01T16:34:21.341749Z,KXBTCMAX100-26-MAY,"Will Bitcoin be above $100000 by June 1, 2026 at 12:00AM ET?",Crypto,YES,8.98,0.055,0.1448,68,0.12,14.88,1,6,,,
2026-04-01T16:34:21.618394Z,KXHIGHNY-26APR01-B78.5,"Will the **high temp in NYC** be 78-79° on Apr 1, 2026?",Climate and Weather,NO,-33.93,0.545,0.2057,80,0.46,49.68,1,46,,,
2026-04-01T16:34:21.836943Z,KXHIGHMIA-26APR01-B79.5,"Will the **high temp in Miami** be 79-80° on Apr 1, 2026?",Climate and Weather,NO,-50.3,0.545,0.042,80,0.46,49.68,1,46,,,
2026-04-01T16:34:22.170509Z,KXHIGHAUS-26APR01-B90.5,"Will the **high temp in Austin** be 90-91° on Apr 1, 2026?",Climate and Weather,NO,-38.67,0.525,0.1383,80,0.48,49.92,1,48,,,
2026-04-01T19:17:07.673180Z,KXHIGHPHIL-26APR01-B83.5,"Will the **high temp in Philadelphia** be 83-84° on Apr 1, 2026?",Climate and Weather,NO,-50.67,0.645,0.1383,80,0.4,50.0,1,40,,,
2026-04-01T19:17:07.949712Z,KXHIGHAUS-26APR01-B92.5,"Will the **high temp in Austin** be 92-93° on Apr 1, 2026?",Climate and Weather,NO,-42.93,0.635,0.2057,80,0.38,49.78,1,38,,,
2026-04-01T20:10:18.396337Z,KXETHMAXY-27JAN01-6000.00,"Will Ethereum reach above $6000.00 by Jan 1, 2027 at 12:00AM?",Crypto,NO,-8.37,0.095,0.0113,68,0.91,19.11,1,91,,,
2026-04-01T23:08:34.011628Z,KXETHMAXMON-ETH-26APR30-250000,"Will ETH trimmed mean be above $2500.00 by 11:59 PM ET on Apr 30, 2026?",Crypto,NO,-26.12,0.41,0.1488,80,0.61,49.41,1,61,,,
2026-04-01T23:08:34.212698Z,KXINXU-26APR02H1600-T6499.9999,"Will the S&P 500 be above 6499.9999 on Apr 2, 2026 at 4pm EDT?",Financials,NO,-81.5,0.815,0.0,80,0.42,49.98,1,21,,,
2026-04-02T00:00:32.136252Z,KXEMERCUTS-26-T0,Will the Fed cut rates 0 times at emergency meetings?,Economics,NO,-42.0,0.84,0.42,90,0.34,49.98,1,17,,,
2026-04-02T00:00:32.568350Z,KXMETAHEADCOUNT-26JUL-77000,"Will Meta Platforms, Inc. report above 77000 Headcount in Q1 2026?",Companies,NO,-78.5,0.785,0.0,90,0.44,49.94,1,22,,,
2026-04-02T00:00:32.856926Z,KXMETAHEADCOUNT-26JUL-78000,"Will Meta Platforms, Inc. report above 78000 Headcount in Q1 2026?",Companies,NO,-15.5,0.155,0.0,75,0.86,39.56,1,86,,,
2026-04-02T00:00:33.076309Z,KXFEDDECISION-26JUL-H0,Will the Federal Reserve Hike rates by 0bps at their July 2026 meeting?,Economics,NO,-22.5,0.805,0.58,75,0.21,39.9,1,21,,,
2026-04-02T00:00:33.361797Z,KXFEDDECISION-26JUN-C25,Will the Federal Reserve Cut rates by 25bps at their June 2026 meeting?,Economics,YES,33.5,0.085,0.42,85,0.45,49.95,1,9,,,
2026-04-02T00:00:33.589704Z,KXFEDDECISION-26JUN-H0,Will the Federal Reserve Hike rates by 0bps at their June 2026 meeting?,Economics,NO,-30.0,0.88,0.58,95,0.39,49.92,1,13,,,
2026-04-02T00:00:33.866807Z,KXPCECORE-26APR-T0.1,Will the rate of core PCE inflation be above 0.1% in April 2026?,Economics,NO,-13.5,0.935,0.8,73,0.1,17.6,1,10,,,
2026-04-02T00:00:34.171081Z,KXETHMAXMON-ETH-26APR30-250000,"Will ETH trimmed mean be above $2500.00 by 11:59 PM ET on Apr 30, 2026?",Crypto,NO,-26.31,0.395,0.1319,80,0.62,49.6,1,62,,,
2026-04-02T00:00:34.424279Z,KXJPMOMINF-26APR17-T-0.3,Will the Japan inflation rate MoM for March 2026 be above -0.3%?,Economics,NO,-12.5,0.925,0.8,68,0.16,20.0,1,8,,,
2026-04-02T00:00:34.680307Z,KXJPMOMINF-26APR17-T-0.1,Will the Japan inflation rate MoM for March 2026 be above -0.1%?,Economics,NO,-9.5,0.895,0.8,68,0.11,16.72,1,11,,,
2026-04-02T00:00:35.128030Z,KXCPICOREYOY-26MAR-T2.6,Will the rate of core CPI inflation be above 2.6% for the year ending in March 2026?,Economics,YES,16.69,0.505,0.6719,75,0.51,39.78,1,51,,,
2026-04-02T00:00:35.292503Z,KXCPIYOY-26MAR-T3.1,Will the rate of CPI inflation be above 3.1% for the year ending in March 2026?,Economics,NO,-28.31,0.905,0.6219,95,0.5,50.0,1,10,,,
2026-04-02T00:00:35.558807Z,KXCPIYOY-26MAR-T3.2,Will the rate of CPI inflation be above 3.2% for the year ending in March 2026?,Economics,NO,-23.81,0.85,0.6119,80,0.32,40.0,1,16,,,
2026-04-02T00:00:35.788405Z,KXCPIYOY-26MAR-T3.3,Will the rate of CPI inflation be above 3.3% for the year ending in March 2026?,Economics,YES,19.19,0.41,0.6019,80,0.42,39.9,1,42,,,
2026-04-02T00:00:36.829300Z,KXCPIYOY-26MAR-T3.4,Will the rate of CPI inflation be above 3.4% for the year ending in March 2026?,Economics,YES,42.69,0.165,0.5919,85,0.34,49.98,1,17,,,
2026-04-02T00:00:37.238804Z,KXINXU-26APR02H1600-T6499.9999,"Will the S&P 500 be above 6499.9999 on Apr 2, 2026 at 4pm EDT?",Financials,NO,-80.5,0.805,0.0,80,0.46,49.91,1,23,,,
2026-04-02T00:00:37.591463Z,FEDHIKE-27JUN30,"Will the Federal Reserve hike rates by June 30, 2027?",Economics,YES,24.5,0.335,0.58,75,0.34,39.78,1,34,,,
2026-04-02T00:00:37.770093Z,FEDHIKE-26DEC31,"Will the Federal Reserve hike rates by December 31, 2026?",Economics,YES,40.5,0.175,0.58,90,0.36,49.86,1,18,,,
2026-04-02T02:47:45.538841Z,KXCITRINI-28JUL01,"Will the number of unemployment rate exceeds 10% (monthly BLS); S&P 500 declines more than 30% from its closing level on Issuance; Zillow Home Value Index declines more than 10% YoY in any of: NYC, LA, San Francisco, Chicago, Houston, Phoenix; labor share of gross domestic income (GDI) first-release value for any quarter falls below 50%; CPI-U (All items, not seasonally-adjusted) YoY falls below 0% in any monthly release during before July 2028 be above 2?",Elections,NO,-11.0,0.31,0.2,78,0.69,19.32,1,69,,,
2026-04-02T02:47:45.880390Z,KXTESLASEMI-27JAN-1000,Will Tesla Inc report above 1000 Semi Trucks Produced before Jan 2027?,Companies,NO,-53.86,0.54,0.0014,85,0.48,49.92,1,48,,,
2026-04-02T02:47:46.191904Z,KXRATECUT-26DEC31,Will the Federal Reserve cut rates before 2027?,Economics,NO,-24.5,0.665,0.42,80,0.34,39.78,1,34,,,
2026-04-02T02:47:46.611913Z,KXLARGECUT-26,Will the Fed cut rates more than 25 bps in 2026?,Economics,YES,25.0,0.17,0.42,80,0.36,39.96,1,18,,,
2026-04-02T02:47:46.965057Z,KXSOLMAXY-27JAN01-150,"Will the spot price of Solana be above $150.00 before Jan 1, 2027 at 12:00 AM ET?",Crypto,NO,-29.94,0.36,0.0606,80,0.67,49.58,1,67,,,
2026-04-02T02:47:47.251646Z,KXSOLMAXY-27JAN01-160,"Will the spot price of Solana be above $160.00 before Jan 1, 2027 at 12:00 AM ET?",Crypto,NO,-25.09,0.295,0.0441,80,0.72,49.68,1,72,,,
2026-04-02T02:47:47.519688Z,KXSOLMAXY-27JAN01-170,"Will the spot price of Solana be above $170.00 before Jan 1, 2027 at 12:00 AM ET?",Crypto,NO,-23.29,0.265,0.0321,70,0.76,39.52,1,76,,,
2026-04-02T02:47:47.772020Z,KXSOLMAXY-27JAN01-180,"Will the spot price of Solana be above $180.00 before Jan 1, 2027 at 12:00 AM ET?",Crypto,NO,-24.16,0.265,0.0234,70,0.74,39.96,1,74,,,
2026-04-02T02:47:48.018227Z,KXETHMINY-27JAN01-1750,"Will Ethereum reach below $1750.00 by Jan 1, 2027 at 12:00AM ET?",Crypto,NO,-41.33,0.76,0.3467,85,0.26,49.92,1,26,,,
2026-04-02T02:47:48.300297Z,KXETHMINY-27JAN01-1500,"Will Ethereum reach below $1500.00 by Jan 1, 2027 at 12:00AM ET?",Crypto,NO,-40.61,0.63,0.2239,85,0.4,50.0,1,40,,,
2026-04-02T02:47:48.552758Z,KXETHMINY-27JAN01-1250,"Will Ethereum reach below $1250.00 by Jan 1, 2027 at 12:00AM ET?",Crypto,NO,-35.31,0.47,0.1169,85,0.55,49.5,1,55,,,
2026-04-02T02:47:48.834961Z,KXETHMINY-27JAN01-1000,"Will Ethereum reach below $1000.00 by Jan 1, 2027 at 12:00AM ET?",Crypto,NO,-28.21,0.325,0.0429,85,0.69,49.68,1,69,,,
2026-04-02T02:47:49.111821Z,KXETHMINY-27JAN01-750,"Will Ethereum reach below $750.00 by Jan 1, 2027 at 12:00AM ET?",Crypto,NO,-19.68,0.205,0.0082,70,0.8,40.0,1,80,,,
2026-04-02T02:47:49.356799Z,KXETHMAXY-27JAN01-3500.00,"Will Ethereum reach above $3500.00 by Jan 1, 2027 at 12:00AM?",Crypto,NO,-24.86,0.355,0.1064,75,0.66,39.6,1,66,,,
2026-04-02T02:47:49.642325Z,KXETHMAXY-27JAN01-3750.00,"Will Ethereum reach above $3750.00 by Jan 1, 2027 at 12:00AM?",Crypto,NO,-20.56,0.285,0.0794,70,0.73,39.42,1,73,,,
2026-04-02T02:47:49.868265Z,KXETHMAXY-27JAN01-4000.00,"Will Ethereum reach above $4000.00 by Jan 1, 2027 at 12:00AM?",Crypto,NO,-17.59,0.235,0.0591,75,0.79,39.5,1,79,,,
2026-04-02T02:47:50.025785Z,KXETHMAXY-27JAN01-4250.00,"Will Ethereum reach above $4250.00 by Jan 1, 2027 at 12:00AM?",Crypto,NO,-15.09,0.195,0.0441,70,0.82,39.36,1,82,,,
2026-04-02T02:47:50.265020Z,KXETHMAXY-27JAN01-4500.00,"Will Ethereum reach above $4500.00 by Jan 1, 2027 at 12:00AM?",Crypto,NO,-12.72,0.16,0.0328,68,0.85,19.55,1,85,,,
2026-04-02T02:47:50.430642Z,KXETHMAXY-27JAN01-4750.00,"Will Ethereum reach above $4750.00 by Jan 1, 2027 at 12:00AM?",Crypto,NO,-12.05,0.145,0.0245,63,0.87,19.14,1,87,,,
2026-04-02T02:47:50.652671Z,KXETHMAXY-27JAN01-5000.00,"Will Ethereum reach above $5000.00 by Jan 1, 2027 at 12:00AM?",Crypto,NO,-11.17,0.13,0.0183,68,0.88,19.36,1,88,,,
2026-04-02T02:47:50.794963Z,KXETHMAXY-27JAN01-6000.00,"Will Ethereum reach above $6000.00 by Jan 1, 2027 at 12:00AM?",Crypto,NO,-8.42,0.09,0.0058,68,0.92,19.32,1,92,,,
2026-04-02T02:47:51.019793Z,KXBTCMINY-27JAN01-60000.00,"Will Bitcoin be below $60000.00 by Jan 1, 2027 at 12:00am ET?",Crypto,NO,-41.56,0.785,0.3694,90,0.46,49.91,1,23,,,
2026-04-02T02:47:51.160057Z,KXBTCMINY-27JAN01-55000.00,"Will Bitcoin be below $55000.00 by Jan 1, 2027 at 12:00am ET?",Crypto,NO,-41.35,0.685,0.2715,90,0.34,49.98,1,34,,,
2026-04-02T02:47:51.459295Z,KXBTCMINY-27JAN01-50000.00,"Will Bitcoin be below $50000.00 by Jan 1, 2027 at 12:00am ET?",Crypto,NO,-40.84,0.59,0.1816,90,0.42,49.98,1,42,,,
2026-04-02T02:47:51.613041Z,KXBTCMINY-27JAN01-45000.00,"Will Bitcoin be below $45000.00 by Jan 1, 2027 at 12:00am ET?",Crypto,NO,-32.78,0.435,0.1072,90,0.57,49.59,1,57,,,
2026-04-02T02:47:51.880652Z,KXBTCMINY-27JAN01-40000.00,"Will Bitcoin be below $40000.00 by Jan 1, 2027 at 12:00am ET?",Crypto,NO,-25.17,0.305,0.0533,85,0.7,49.7,1,70,,,
2026-04-02T02:47:52.085823Z,KXBTCMAX100-26-SEP,"Will Bitcoin be above $100000 by October 1, 2026 at 12:00AM ET?",Crypto,NO,-13.17,0.19,0.0583,68,0.82,19.68,1,82,,,
2026-04-02T02:47:52.434593Z,KXBTCMAX100-26-DEC,"Will Bitcoin be above $100000.00 by Jan 1, 2027 at 12:00AM ET?",Crypto,NO,-21.46,0.315,0.1004,75,0.69,39.33,1,69,,,
2026-04-02T02:47:52.684596Z,KXBTCMAXY-26DEC31-99999.99,"Will Bitcoin be above $99,999.99 by Dec 31, 2026 at 11:59 PM ET?",Crypto,NO,-21.96,0.32,0.1004,80,0.69,39.33,1,69,,,
2026-04-02T02:47:53.562678Z,KXBTCMAXY-26DEC31-109999.99,"Will Bitcoin be above $109,999.99 by Dec 31, 2026 at 11:59 PM ET?",Crypto,NO,-17.29,0.23,0.0571,75,0.79,39.5,1,79,,,
2026-04-02T02:47:53.961432Z,KXBTCMAXY-26DEC31-119999.99,"Will Bitcoin be above $119,999.99 by Dec 31, 2026 at 11:59 PM ET?",Crypto,NO,-14.32,0.175,0.0318,68,0.83,19.92,1,83,,,
2026-04-02T02:47:54.226647Z,KXBTCMAXY-26DEC31-129999.99,"Will Bitcoin be above $129,999.99 by Dec 31, 2026 at 11:59 PM ET?",Crypto,NO,-11.75,0.135,0.0175,68,0.87,19.14,1,87,,,
2026-04-02T02:47:54.476614Z,KXBTCMAXY-26DEC31-139999.99,"Will Bitcoin be above $139,999.99 by Dec 31, 2026 at 11:59 PM ET?",Crypto,NO,-10.04,0.11,0.0096,63,0.9,19.8,1,90,,,
2026-04-02T02:47:54.697334Z,KXBTCMAXY-26DEC31-149999.99,"Will Bitcoin be above $149,999.99 by Dec 31, 2026 at 11:59 PM ET?",Crypto,NO,-9.98,0.105,0.0052,63,0.9,19.8,1,90,,,
2026-04-02T02:47:54.862068Z,KXNASDAQ100POS-26DEC31H1600-T25249.85,"Will the Nasdaq-100 be above 25249.85 at the end of Dec 31, 2026 at 4pm EST?",Financials,NO,-48.0,0.48,0.0,85,0.53,49.82,1,53,,,
2026-04-02T02:47:55.099243Z,KXINXPOS-26DEC31H1900-T6845.5,"Will the S&P 500 be above 6845.5 on Dec 31, 2026 at 4pm EST?",Financials,NO,-49.5,0.495,0.0,95,0.51,49.98,1,51,,,
2026-04-02T02:47:55.253213Z,KXNASDAQ100Y-26DEC31H1600-T19000,"Will the Nasdaq-100 be below 19000 at the end of Dec 31, 2026 at 4pm EST?",Financials,YES,81.5,0.185,1.0,95,0.38,49.97,1,19,,,
2026-04-02T02:47:55.507767Z,KXINXY-26DEC31H1600-T4000,"Will the S&P 500 be below 4000 on Dec 31, 2026 at 4pm EST?",Financials,YES,94.5,0.055,1.0,85,0.48,49.98,1,6,,,
2026-04-02T02:47:55.660267Z,KXRATECUTCOUNT-26DEC31-T0,Will the Fed cut rates 0 times?,Economics,YES,9.5,0.325,0.42,78,0.33,19.8,1,33,,,
2026-04-02T02:47:56.026680Z,KXRATECUTCOUNT-26DEC31-T1,Will the Fed cut rates 1 times?,Economics,YES,16.5,0.255,0.42,80,0.26,39.78,1,26,,,
2026-04-02T02:47:56.244511Z,KXRATECUTCOUNT-26DEC31-T2,Will the Fed cut rates 2 times?,Economics,YES,23.5,0.185,0.42,80,0.38,39.9,1,19,,,
2026-04-02T02:47:56.426220Z,KXRATECUTCOUNT-26DEC31-T3,Will the Fed cut rates 3 times?,Economics,YES,31.5,0.105,0.42,85,0.44,49.94,1,11,,,
2026-04-02T05:08:48.619373Z,KXEMERCUTS-26-T1,Will the Fed cut rates 1 times at emergency meetings?,Economics,YES,31.0,0.1,0.41,85,0.48,49.92,1,12,,,
2026-04-02T05:08:48.842850Z,KXMETAHEADCOUNT-26JUL-76000,"Will Meta Platforms, Inc. report above 76000 Headcount in Q1 2026?",Companies,NO,-91.5,0.915,0.0,85,0.45,49.95,1,9,,,
2026-04-02T11:53:15.210105Z,KXSOLMAXY-27JAN01-200,"Will the spot price of Solana be above $200.00 before Jan 1, 2027 at 12:00 AM ET?",Crypto,NO,-17.06,0.18,0.0094,70,0.85,39.95,1,85,,,
2026-04-02T11:53:15.440722Z,KXRAINHOUM-26APR-3,Rain in Houston in Apr 2026?,Climate and Weather,NO,-81.5,0.835,0.02,85,0.28,49.84,1,28,,,
2026-04-02T11:53:15.745315Z,KXHIGHMIA-26APR02-B81.5,"Will the **high temp in Miami** be 81-82° on Apr 2, 2026?",Climate and Weather,NO,-34.73,0.57,0.2227,80,0.44,49.72,1,44,,,
2026-04-02T13:47:56.279565Z,FEDHIKE-26JUN30,"Will the Federal Reserve hike rates by June 30, 2026?",Economics,YES,51.5,0.055,0.57,85,0.48,49.98,1,6,,,
2026-04-02T15:08:28.193184Z,KXBTCMINMON-BTC-26APR30-6500000,"Will BTC trimmed mean be below $65000.00 by 11:59 PM ET on Apr 30, 2026?",Crypto,NO,-39.31,0.785,0.3919,80,0.46,49.91,1,23,,,
2026-04-02T15:08:28.416428Z,KXBTCMINMON-BTC-26APR30-6250000,"Will BTC trimmed mean be below $62500.00 by 11:59 PM ET on Apr 30, 2026?",Crypto,NO,-33.77,0.59,0.2523,80,0.44,49.72,1,44,,,
2026-04-02T15:08:28.680736Z,KXBTCMAXMON-BTC-26APR30-7000000,"Will BTC trimmed mean be above $70000.00 by 11:59 PM ET on Apr 30, 2026?",Crypto,NO,-44.0,0.76,0.32,80,0.5,50.0,1,25,,,
2026-04-02T15:08:29.037333Z,KXHIGHMIA-26APR02-B79.5,"Will the **high temp in Miami** be 79-80° on Apr 2, 2026?",Climate and Weather,NO,-38.09,0.405,0.0241,80,0.6,49.8,1,60,,,
2026-04-02T15:08:29.238891Z,KXINXU-26APR02H1600-T6474.9999,"Will the S&P 500 be above 6474.9999 on Apr 2, 2026 at 4pm EDT?",Financials,NO,-93.0,0.93,0.0,70,0.45,49.95,1,9,,,
2026-04-02T15:08:29.471507Z,KXINXU-26APR02H1600-T6524.9999,"Will the S&P 500 be above 6524.9999 on Apr 2, 2026 at 4pm EDT?",Financials,NO,-80.5,0.805,0.0,75,0.4,50.0,1,20,,,
2026-04-02T15:08:29.715637Z,KXINXU-26APR02H1600-T6549.9999,"Will the S&P 500 be above 6549.9999 on Apr 2, 2026 at 4pm EDT?",Financials,NO,-68.0,0.68,0.0,70,0.34,49.98,1,34,,,
2026-04-02T16:33:42.061917Z,KXHIGHCHI-26APR02-B68.5,"Will the high temp in Chicago be 68-69° on Apr 2, 2026?",Climate and Weather,NO,-40.09,0.425,0.0241,80,0.6,49.8,1,60,,,
2026-04-02T16:33:42.354264Z,KXHIGHAUS-26APR02-B86.5,"Will the **high temp in Austin** be 86-87° on Apr 2, 2026?",Climate and Weather,NO,-16.73,0.39,0.2227,70,0.62,39.68,1,62,,,
2026-04-02T16:33:42.549884Z,KXNASDAQ100U-26APR02H1600-T23799.99,"Will the Nasdaq-100 be above 23799.99 at the end of Apr 2, 2026 at 4pm EDT?",Financials,NO,-83.0,0.83,0.0,70,0.38,49.97,1,19,,,
2026-04-02T16:33:42.838271Z,KXNASDAQ100U-26APR02H1600-T23899.99,"Will the Nasdaq-100 be above 23899.99 at the end of Apr 2, 2026 at 4pm EDT?",Financials,NO,-66.5,0.665,0.0,70,0.36,49.68,1,36,,,
2026-04-02T16:33:43.092327Z,KXINXU-26APR02H1600-T6574.9999,"Will the S&P 500 be above 6574.9999 on Apr 2, 2026 at 4pm EDT?",Financials,NO,-39.5,0.395,0.0,70,0.62,49.6,1,62,,,
2026-04-02T17:55:39.212770Z,KXHIGHCHI-26APR02-B70.5,"Will the high temp in Chicago be 70-71° on Apr 2, 2026?",Climate and Weather,NO,-45.5,0.465,0.01,80,0.55,49.5,1,55,,,
2026-04-02T17:55:39.435576Z,KXHIGHAUS-26APR02-B88.5,"Will the **high temp in Austin** be 88-89° on Apr 2, 2026?",Climate and Weather,NO,-11.93,0.325,0.2057,63,0.68,19.72,1,68,,,
2026-04-02T17:55:39.744548Z,KXNASDAQ100U-26APR02H1600-T23999.99,"Will the Nasdaq-100 be above 23999.99 at the end of Apr 2, 2026 at 4pm EDT?",Financials,NO,-24.5,0.245,0.0,60,0.78,39.78,1,78,,,
2026-04-02T19:08:54.444541Z,KXFEDDECISION-26JUN-H25,Will the Federal Reserve Hike rates by 25bps at their June 2026 meeting?,Economics,YES,52.0,0.05,0.57,85,0.48,49.98,1,6,,,
2026-04-02T19:08:55.066198Z,KXCPICOREYOY-26MAR-T2.7,Will the rate of core CPI inflation be above 2.7% for the year ending in March 2026?,Economics,YES,44.59,0.215,0.6609,85,0.48,49.92,1,24,,,
2026-04-02T19:08:55.265381Z,KXHIGHCHI-26APR02-B72.5,"Will the high temp in Chicago be 72-73° on Apr 2, 2026?",Climate and Weather,NO,-68.5,0.695,0.01,80,0.31,49.91,1,31,,,
2026-04-02T20:04:40.743333Z,KXHIGHDEN-26APR02-B71.5,"Will the **high temp in Denver** be 71-72° on Apr 2, 2026?",Climate and Weather,NO,-43.45,0.61,0.1755,80,0.41,49.61,1,41,,,
2026-04-03T00:02:12.182365Z,KXCITRINI-28JUL01,"Will the number of unemployment rate exceeds 10% (monthly BLS); S&P 500 declines more than 30% from its closing level on Issuance; Zillow Home Value Index declines more than 10% YoY in any of: NYC, LA, San Francisco, Chicago, Houston, Phoenix; labor share of gross domestic income (GDI) first-release value for any quarter falls below 50%; CPI-U (All items, not seasonally-adjusted) YoY falls below 0% in any monthly release during before July 2028 be above 2?",Elections,NO,-10.0,0.3,0.2,78,0.7,19.6,1,70,,,
2026-04-03T00:02:12.483002Z,KXTESLASEMI-27JAN-1000,Will Tesla Inc report above 1000 Semi Trucks Produced before Jan 2027?,Companies,NO,-47.33,0.475,0.0017,85,0.54,49.68,1,54,,,
2026-04-03T00:02:12.741847Z,KXRATECUT-26DEC31,Will the Federal Reserve cut rates before 2027?,Economics,NO,-24.1,0.665,0.424,80,0.34,39.78,1,34,,,
2026-04-03T00:02:13.017071Z,KXLARGECUT-26,Will the Fed cut rates more than 25 bps in 2026?,Economics,YES,25.4,0.17,0.424,90,0.38,49.97,1,19,,,
2026-04-03T00:02:13.261384Z,KXSOLMAXY-27JAN01-150,"Will the spot price of Solana be above $150.00 before Jan 1, 2027 at 12:00 AM ET?",Crypto,NO,-32.49,0.38,0.0551,80,0.65,49.4,1,65,,,
2026-04-03T00:02:13.590246Z,KXSOLMAXY-27JAN01-160,"Will the spot price of Solana be above $160.00 before Jan 1, 2027 at 12:00 AM ET?",Crypto,NO,-25.06,0.29,0.0394,80,0.73,49.64,1,73,,,
2026-04-03T00:02:13.857007Z,KXSOLMAXY-27JAN01-170,"Will the spot price of Solana be above $170.00 before Jan 1, 2027 at 12:00 AM ET?",Crypto,NO,-26.68,0.295,0.0282,80,0.74,49.58,1,74,,,
2026-04-03T00:02:14.177108Z,KXSOLMAXY-27JAN01-180,"Will the spot price of Solana be above $180.00 before Jan 1, 2027 at 12:00 AM ET?",Crypto,NO,-24.49,0.265,0.0201,70,0.74,39.96,1,74,,,
2026-04-03T00:02:14.420598Z,KXSOLMAXY-27JAN01-200,"Will the spot price of Solana be above $200.00 before Jan 1, 2027 at 12:00 AM ET?",Crypto,NO,-18.46,0.195,0.0104,70,0.84,39.48,1,84,,,
2026-04-03T00:02:14.733921Z,KXETHMINY-27JAN01-1750,"Will Ethereum reach below $1750.00 by Jan 1, 2027 at 12:00AM ET?",Crypto,NO,-43.86,0.79,0.3514,85,0.48,49.92,1,24,,,
2026-04-03T00:02:14.996914Z,KXETHMINY-27JAN01-1500,"Will Ethereum reach below $1500.00 by Jan 1, 2027 at 12:00AM ET?",Crypto,NO,-41.71,0.645,0.2279,85,0.39,49.92,1,39,,,
2026-04-03T00:02:15.530088Z,KXETHMINY-27JAN01-1250,"Will Ethereum reach below $1250.00 by Jan 1, 2027 at 12:00AM ET?",Crypto,NO,-38.53,0.505,0.1197,85,0.5,50.0,1,50,,,
2026-04-03T00:02:15.854987Z,KXETHMINY-27JAN01-1000,"Will Ethereum reach below $1000.00 by Jan 1, 2027 at 12:00AM ET?",Crypto,NO,-29.08,0.335,0.0442,85,0.67,49.58,1,67,,,
2026-04-03T00:02:16.058126Z,KXETHMINY-27JAN01-750,"Will Ethereum reach below $750.00 by Jan 1, 2027 at 12:00AM ET?",Crypto,NO,-19.14,0.2,0.0086,70,0.81,39.69,1,81,,,
2026-04-03T00:02:16.303152Z,KXETHMAXY-27JAN01-3500.00,"Will Ethereum reach above $3500.00 by Jan 1, 2027 at 12:00AM?",Crypto,NO,-23.04,0.335,0.1046,75,0.67,39.53,1,67,,,
2026-04-03T00:02:16.609187Z,KXETHMAXY-27JAN01-3750.00,"Will Ethereum reach above $3750.00 by Jan 1, 2027 at 12:00AM?",Crypto,NO,-18.7,0.265,0.078,70,0.74,39.96,1,74,,,
2026-04-03T00:02:16.760600Z,KXETHMAXY-27JAN01-4000.00,"Will Ethereum reach above $4000.00 by Jan 1, 2027 at 12:00AM?",Crypto,NO,-15.7,0.215,0.058,75,0.79,39.5,1,79,,,
2026-04-03T00:02:17.033682Z,KXETHMAXY-27JAN01-4250.00,"Will Ethereum reach above $4250.00 by Jan 1, 2027 at 12:00AM?",Crypto,NO,-13.18,0.175,0.0432,63,0.83,19.92,1,83,,,
2026-04-03T00:02:17.159376Z,KXETHMAXY-27JAN01-4500.00,"Will Ethereum reach above $4500.00 by Jan 1, 2027 at 12:00AM?",Crypto,NO,-13.28,0.165,0.0322,68,0.84,19.32,1,84,,,
2026-04-03T00:02:17.396219Z,KXETHMAXY-27JAN01-4750.00,"Will Ethereum reach above $4750.00 by Jan 1, 2027 at 12:00AM?",Crypto,NO,-11.1,0.135,0.024,63,0.87,19.14,1,87,,,
2026-04-03T00:02:17.524446Z,KXETHMAXY-27JAN01-5000.00,"Will Ethereum reach above $5000.00 by Jan 1, 2027 at 12:00AM?",Crypto,NO,-9.71,0.115,0.0179,63,0.89,19.58,1,89,,,
2026-04-03T00:02:17.826320Z,KXBTCMINY-27JAN01-60000.00,"Will Bitcoin be below $60000.00 by Jan 1, 2027 at 12:00am ET?",Crypto,NO,-43.17,0.795,0.3633,90,0.42,49.98,1,21,,,
2026-04-03T00:02:17.948855Z,KXBTCMINY-27JAN01-55000.00,"Will Bitcoin be below $55000.00 by Jan 1, 2027 at 12:00am ET?",Crypto,NO,-41.54,0.68,0.2646,90,0.34,49.98,1,34,,,
2026-04-03T00:02:18.168577Z,KXBTCMINY-27JAN01-50000.00,"Will Bitcoin be below $50000.00 by Jan 1, 2027 at 12:00am ET?",Crypto,NO,-42.03,0.595,0.1747,90,0.42,49.98,1,42,,,
2026-04-03T00:02:18.307301Z,KXBTCMINY-27JAN01-45000.00,"Will Bitcoin be below $45000.00 by Jan 1, 2027 at 12:00am ET?",Crypto,NO,-33.38,0.435,0.1012,90,0.57,49.59,1,57,,,
2026-04-03T00:02:18.539301Z,KXBTCMINY-27JAN01-40000.00,"Will Bitcoin be below $40000.00 by Jan 1, 2027 at 12:00am ET?",Crypto,NO,-27.59,0.325,0.0491,85,0.68,49.64,1,68,,,
2026-04-03T00:02:18.665854Z,KXBTCMAX100-26-SEP,"Will Bitcoin be above $100000 by October 1, 2026 at 12:00AM ET?",Crypto,NO,-12.89,0.185,0.0561,68,0.82,19.68,1,82,,,
2026-04-03T00:02:18.971254Z,KXBTCMAX100-26-DEC,"Will Bitcoin be above $100000.00 by Jan 1, 2027 at 12:00AM ET?",Crypto,NO,-20.7,0.305,0.098,75,0.7,39.9,1,70,,,
2026-04-03T00:02:19.097145Z,KXBTCMAXY-26DEC31-99999.99,"Will Bitcoin be above $99,999.99 by Dec 31, 2026 at 11:59 PM ET?",Crypto,NO,-21.7,0.315,0.098,80,0.69,39.33,1,69,,,
2026-04-03T00:02:19.310858Z,KXBTCMAXY-26DEC31-109999.99,"Will Bitcoin be above $109,999.99 by Dec 31, 2026 at 11:59 PM ET?",Crypto,NO,-14.02,0.195,0.0548,68,0.81,19.44,1,81,,,
2026-04-03T00:02:19.444085Z,KXBTCMAXY-26DEC31-119999.99,"Will Bitcoin be above $119,999.99 by Dec 31, 2026 at 11:59 PM ET?",Crypto,NO,-12.49,0.155,0.0301,68,0.85,19.55,1,85,,,
2026-04-03T00:02:19.987378Z,KXBTCMAXY-26DEC31-129999.99,"Will Bitcoin be above $129,999.99 by Dec 31, 2026 at 11:59 PM ET?",Crypto,NO,-9.87,0.115,0.0163,68,0.89,19.58,1,89,,,
2026-04-03T00:02:20.198261Z,KXBTCMAXY-26DEC31-139999.99,"Will Bitcoin be above $139,999.99 by Dec 31, 2026 at 11:59 PM ET?",Crypto,NO,-8.62,0.095,0.0088,63,0.91,19.11,1,91,,,
2026-04-03T00:02:20.319965Z,KXBTCMAXY-26DEC31-149999.99,"Will Bitcoin be above $149,999.99 by Dec 31, 2026 at 11:59 PM ET?",Crypto,NO,-8.03,0.085,0.0047,63,0.92,19.32,1,92,,,
2026-04-03T00:02:20.518900Z,KXNASDAQ100POS-26DEC31H1600-T25249.85,"Will the Nasdaq-100 be above 25249.85 at the end of Dec 31, 2026 at 4pm EST?",Financials,NO,-48.5,0.485,0.0,85,0.53,49.82,1,53,,,
2026-04-03T00:02:20.656756Z,KXINXPOS-26DEC31H1900-T6845.5,"Will the S&P 500 be above 6845.5 on Dec 31, 2026 at 4pm EST?",Financials,NO,-50.5,0.505,0.0,95,0.5,50.0,1,50,,,
2026-04-03T00:02:21.085586Z,KXNASDAQ100Y-26DEC31H1600-T19000,"Will the Nasdaq-100 be below 19000 at the end of Dec 31, 2026 at 4pm EST?",Financials,YES,81.5,0.185,1.0,95,0.4,50.0,1,20,,,
2026-04-03T00:02:21.288680Z,KXINXY-26DEC31H1600-T4000,"Will the S&P 500 be below 4000 on Dec 31, 2026 at 4pm EST?",Financials,YES,94.5,0.055,1.0,85,0.48,49.98,1,6,,,
2026-04-03T00:02:21.436261Z,KXRATECUTCOUNT-26DEC31-T0,Will the Fed cut rates 0 times?,Economics,YES,8.9,0.335,0.424,78,0.34,19.72,1,34,,,
2026-04-03T00:02:21.560570Z,KXRATECUTCOUNT-26DEC31-T1,Will the Fed cut rates 1 times?,Economics,YES,16.9,0.255,0.424,80,0.26,39.78,1,26,,,
2026-04-03T00:02:22.484531Z,KXRATECUTCOUNT-26DEC31-T2,Will the Fed cut rates 2 times?,Economics,YES,23.4,0.19,0.424,80,0.4,40.0,1,20,,,
2026-04-03T00:02:22.767304Z,KXRATECUTCOUNT-26DEC31-T3,Will the Fed cut rates 3 times?,Economics,YES,31.9,0.105,0.424,85,0.44,49.94,1,11,,,
2026-04-03T00:02:23.053819Z,KXEMERCUTS-26-T0,Will the Fed cut rates 0 times at emergency meetings?,Economics,NO,-41.6,0.84,0.424,90,0.34,49.98,1,17,,,
2026-04-03T00:02:23.251506Z,KXMETAHEADCOUNT-26JUL-76000,"Will Meta Platforms, Inc. report above 76000 Headcount in Q1 2026?",Companies,NO,-91.5,0.915,0.0,85,0.45,49.95,1,9,,,
2026-04-03T00:02:23.590630Z,KXMETAHEADCOUNT-26JUL-77000,"Will Meta Platforms, Inc. report above 77000 Headcount in Q1 2026?",Companies,NO,-73.5,0.735,0.0,90,0.28,49.84,1,28,,,
2026-04-03T00:02:23.868766Z,KXFEDDECISION-26JUL-H0,Will the Federal Reserve Hike rates by 0bps at their July 2026 meeting?,Economics,NO,-25.4,0.83,0.576,85,0.38,49.97,1,19,,,
2026-04-03T00:02:24.097099Z,KXFEDDECISION-26JUN-C25,Will the Federal Reserve Cut rates by 25bps at their June 2026 meeting?,Economics,YES,33.9,0.085,0.424,85,0.45,49.95,1,9,,,
2026-04-03T00:02:24.222028Z,KXFEDDECISION-26JUN-H0,Will the Federal Reserve Hike rates by 0bps at their June 2026 meeting?,Economics,NO,-30.9,0.885,0.576,95,0.48,49.92,1,12,,,
2026-04-03T00:02:24.361067Z,KXPCECORE-26APR-T0.1,Will the rate of core PCE inflation be above 0.1% in April 2026?,Economics,NO,-14.5,0.945,0.8,73,0.16,20.0,1,8,,,
2026-04-03T00:02:24.548319Z,KXRAINHOUM-26APR-3,Rain in Houston in Apr 2026?,Climate and Weather,NO,-72.0,0.74,0.02,85,0.29,49.88,1,29,,,
2026-04-03T00:02:24.671265Z,KXETHMAXMON-ETH-26APR30-250000,"Will ETH trimmed mean be above $2500.00 by 11:59 PM ET on Apr 30, 2026?",Crypto,NO,-17.95,0.255,0.0755,70,0.75,39.75,1,75,,,
2026-04-03T00:02:24.842789Z,KXBTCMINMON-BTC-26APR30-6500000,"Will BTC trimmed mean be below $65000.00 by 11:59 PM ET on Apr 30, 2026?",Crypto,NO,-38.79,0.775,0.3871,80,0.46,49.91,1,23,,,
2026-04-03T00:02:24.972040Z,KXBTCMINMON-BTC-26APR30-6250000,"Will BTC trimmed mean be below $62500.00 by 11:59 PM ET on Apr 30, 2026?",Crypto,NO,-34.67,0.595,0.2483,80,0.41,49.61,1,41,,,
2026-04-03T00:02:25.095276Z,KXBTCMAXMON-BTC-26APR30-7000000,"Will BTC trimmed mean be above $70000.00 by 11:59 PM ET on Apr 30, 2026?",Crypto,NO,-39.06,0.715,0.3244,80,0.29,49.88,1,29,,,
2026-04-03T00:02:25.258955Z,KXJPMOMINF-26APR17-T-0.3,Will the Japan inflation rate MoM for March 2026 be above -0.3%?,Economics,NO,-13.5,0.935,0.8,68,0.16,20.0,1,8,,,
2026-04-03T00:02:25.399299Z,KXJPMOMINF-26APR17-T-0.1,Will the Japan inflation rate MoM for March 2026 be above -0.1%?,Economics,NO,-12.0,0.92,0.8,68,0.1,17.1,1,10,,,
2026-04-03T00:02:25.521856Z,KXCPICOREYOY-26MAR-T2.7,Will the rate of core CPI inflation be above 2.7% for the year ending in March 2026?,Economics,YES,42.63,0.235,0.6613,85,0.5,50.0,1,25,,,
2026-04-03T00:02:25.694485Z,KXCPIYOY-26MAR-T3.1,Will the rate of CPI inflation be above 3.1% for the year ending in March 2026?,Economics,NO,-28.37,0.905,0.6213,95,0.5,50.0,1,10,,,
2026-04-03T00:02:25.820387Z,KXCPIYOY-26MAR-T3.2,Will the rate of CPI inflation be above 3.2% for the year ending in March 2026?,Economics,NO,-19.87,0.81,0.6113,80,0.4,40.0,1,20,,,
2026-04-03T00:02:25.955588Z,KXCPIYOY-26MAR-T3.3,Will the rate of CPI inflation be above 3.3% for the year ending in March 2026?,Economics,YES,21.63,0.385,0.6013,80,0.4,40.0,1,40,,,
2026-04-03T00:02:26.161855Z,KXCPIYOY-26MAR-T3.4,Will the rate of CPI inflation be above 3.4% for the year ending in March 2026?,Economics,YES,43.63,0.155,0.5913,85,0.34,49.98,1,17,,,
2026-04-03T00:02:26.299605Z,FEDHIKE-27JUN30,"Will the Federal Reserve hike rates by June 30, 2027?",Economics,YES,25.1,0.325,0.576,85,0.34,49.98,1,34,,,
2026-04-03T00:02:26.486261Z,FEDHIKE-26JUN30,"Will the Federal Reserve hike rates by June 30, 2026?",Economics,YES,52.1,0.055,0.576,85,0.48,49.98,1,6,,,
2026-04-03T00:02:26.613925Z,FEDHIKE-26DEC31,"Will the Federal Reserve hike rates by December 31, 2026?",Economics,YES,37.6,0.2,0.576,90,0.44,49.94,1,22,,,
2026-04-03T02:50:45.143141Z,KXEMERCUTS-26-T1,Will the Fed cut rates 1 times at emergency meetings?,Economics,YES,32.4,0.1,0.424,85,0.48,49.92,1,12,,,
2026-04-03T05:11:41.921707Z,KXUSGASCPI-26APR10-T320,Will Gasoline (All Types) in U.S. City Average for March 2026 be above 320?,Economics,NO,-95.0,0.95,0.0,85,0.48,50.0,1,8,,,
2026-04-03T05:11:42.224601Z,KXBRENTW-26APR0317-T109.99,"Will the brent crude oil close price be above $109.99 on Apr 3, 2026 at 5pm EDT?",Financials,YES,60.73,0.11,0.7173,80,0.45,49.95,1,15,,,
2026-04-03T11:45:27.120735Z,KXBTCMINMON-BTC-26APR30-6000000,"Will BTC trimmed mean be below $60000.00 by 11:59 PM ET on Apr 30, 2026?",Crypto,NO,-24.84,0.375,0.1266,70,0.63,39.69,1,63,,,
2026-04-03T11:45:27.412713Z,KXBTCMAXMON-BTC-26APR30-7250000,"Will BTC trimmed mean be above $72500.00 by 11:59 PM ET on Apr 30, 2026?",Crypto,NO,-29.95,0.505,0.2055,80,0.5,50.0,1,50,,,
2026-04-03T11:45:27.656034Z,KXBTCMAXMON-BTC-26APR30-7500000,"Will BTC trimmed mean be above $75000.00 by 11:59 PM ET on Apr 30, 2026?",Crypto,NO,-18.48,0.305,0.1202,70,0.7,39.9,1,70,,,
2026-04-03T11:45:27.868118Z,KXHIGHMIA-26APR03-B82.5,"Will the **high temp in Miami** be 82-83° on Apr 3, 2026?",Climate and Weather,NO,-36.23,0.585,0.2227,80,0.42,49.98,1,42,,,
2026-04-03T11:45:28.166418Z,FEDHIKE-27DEC31,"Will the Federal Reserve hike rates by December 31, 2027?",Economics,NO,-9.4,0.61,0.516,68,0.41,18.45,1,41,,,
2026-04-03T13:23:50.339840Z,KXFEDDECISION-26JUN-H25,Will the Federal Reserve Hike rates by 25bps at their June 2026 meeting?,Economics,YES,52.6,0.05,0.576,85,0.48,49.98,1,6,,,
2026-04-03T13:23:50.540060Z,KXHIGHNY-26APR03-B67.5,"Will the **high temp in NYC** be 67-68° on Apr 3, 2026?",Climate and Weather,NO,-25.67,0.395,0.1383,80,0.61,49.41,1,61,,,
2026-04-03T14:26:01.314044Z,KXTESLASEMI-27JAN-5000,Will Tesla Inc report above 5000 Semi Trucks Produced before Jan 2027?,Companies,NO,-23.5,0.235,0.0,75,0.82,39.36,1,82,,,
2026-04-03T14:26:01.501929Z,KXHIGHMIA-26APR03-B84.5,"Will the **high temp in Miami** be 84-85° on Apr 3, 2026?",Climate and Weather,NO,-12.45,0.3,0.1755,63,0.71,19.88,1,71,,,
2026-04-03T15:12:48.179773Z,KXHIGHAUS-26APR03-B87.5,"Will the **high temp in Austin** be 87-88° on Apr 3, 2026?",Climate and Weather,NO,-34.43,0.55,0.2057,80,0.46,49.68,1,46,,,
2026-04-03T16:05:19.516172Z,KXHIGHNY-26APR03-B65.5,"Will the **high temp in NYC** be 65-66° on Apr 3, 2026?",Climate and Weather,NO,-10.95,0.285,0.1755,63,0.72,19.44,1,72,,,
2026-04-03T19:24:28.576236Z,KXHIGHAUS-26APR03-B85.5,"Will the **high temp in Austin** be 85-86° on Apr 3, 2026?",Climate and Weather,NO,-36.67,0.505,0.1383,80,0.5,50.0,1,50,,,
2026-04-03T21:05:05.845919Z,KXHIGHDEN-26APR03-B55.5,"Will the **high temp in Denver** be 55-56° on Apr 3, 2026?",Climate and Weather,NO,-32.43,0.53,0.2057,80,0.49,49.98,1,49,,,
2026-04-03T22:00:40.300513Z,KXHIGHDEN-26APR03-B53.5,"Will the **high temp in Denver** be 53-54° on Apr 3, 2026?",Climate and Weather,NO,-78.67,0.925,0.1383,80,0.45,49.95,1,9,,,
2026-04-03T22:50:55.572235Z,KXCPICOREYOY-26MAR-T2.6,Will the rate of core CPI inflation be above 2.6% for the year ending in March 2026?,Economics,YES,9.63,0.575,0.6713,68,0.59,19.47,1,59,,,
2026-04-03T23:44:12.588293Z,KXETHMAXY-27JAN01-6000.00,"Will Ethereum reach above $6000.00 by Jan 1, 2027 at 12:00AM?",Crypto,NO,-8.98,0.095,0.0052,68,0.91,19.11,1,91,,,
2026-04-04T02:41:24.019817Z,KXCITRINI-28JUL01,"Will the number of unemployment rate exceeds 10% (monthly BLS); S&P 500 declines more than 30% from its closing level on Issuance; Zillow Home Value Index declines more than 10% YoY in any of: NYC, LA, San Francisco, Chicago, Houston, Phoenix; labor share of gross domestic income (GDI) first-release value for any quarter falls below 50%; CPI-U (All items, not seasonally-adjusted) YoY falls below 0% in any monthly release during before July 2028 be above 2?",Elections,NO,-11.0,0.31,0.2,78,0.69,19.32,1,69,,,
2026-04-04T02:41:24.345198Z,KXTESLASEMI-27JAN-1000,Will Tesla Inc report above 1000 Semi Trucks Produced before Jan 2027?,Companies,NO,-59.84,0.6,0.0016,85,0.41,49.61,1,41,,,
2026-04-04T02:41:24.712498Z,KXRATECUT-26DEC31,Will the Federal Reserve cut rates before 2027?,Economics,NO,-22.6,0.65,0.424,80,0.36,39.96,1,36,,,
2026-04-04T02:41:24.937791Z,KXLARGECUT-26,Will the Fed cut rates more than 25 bps in 2026?,Economics,YES,27.9,0.145,0.424,90,0.45,49.95,1,15,,,
2026-04-04T02:41:25.200647Z,KXSOLMAXY-27JAN01-150,"Will the spot price of Solana be above $150.00 before Jan 1, 2027 at 12:00 AM ET?",Crypto,NO,-33.26,0.385,0.0524,80,0.64,49.92,1,64,,,
2026-04-04T02:41:25.731149Z,KXSOLMAXY-27JAN01-160,"Will the spot price of Solana be above $160.00 before Jan 1, 2027 at 12:00 AM ET?",Crypto,NO,-29.32,0.33,0.0368,80,0.68,49.64,1,68,,,
2026-04-04T02:41:25.972433Z,KXSOLMAXY-27JAN01-170,"Will the spot price of Solana be above $170.00 before Jan 1, 2027 at 12:00 AM ET?",Crypto,NO,-25.92,0.285,0.0258,80,0.75,49.5,1,75,,,
2026-04-04T02:41:26.212594Z,KXSOLMAXY-27JAN01-180,"Will the spot price of Solana be above $180.00 before Jan 1, 2027 at 12:00 AM ET?",Crypto,NO,-25.19,0.27,0.0181,80,0.74,49.58,1,74,,,
2026-04-04T02:41:26.550694Z,KXSOLMAXY-27JAN01-200,"Will the spot price of Solana be above $200.00 before Jan 1, 2027 at 12:00 AM ET?",Crypto,NO,-16.6,0.175,0.009,70,0.85,39.95,1,85,,,
2026-04-04T02:41:26.892354Z,KXETHMINY-27JAN01-1750,"Will Ethereum reach below $1750.00 by Jan 1, 2027 at 12:00AM ET?",Crypto,NO,-44.99,0.8,0.3501,85,0.46,49.91,1,23,,,
2026-04-04T02:41:27.142704Z,KXETHMINY-27JAN01-1500,"Will Ethereum reach below $1500.00 by Jan 1, 2027 at 12:00AM ET?",Crypto,NO,-43.17,0.655,0.2233,85,0.36,49.68,1,36,,,
2026-04-04T02:41:27.356681Z,KXETHMINY-27JAN01-1250,"Will Ethereum reach below $1250.00 by Jan 1, 2027 at 12:00AM ET?",Crypto,NO,-39.1,0.505,0.114,85,0.51,49.98,1,51,,,
2026-04-04T02:41:27.658798Z,KXETHMINY-27JAN01-1000,"Will Ethereum reach below $1000.00 by Jan 1, 2027 at 12:00AM ET?",Crypto,NO,-26.99,0.31,0.0401,85,0.72,49.68,1,72,,,
2026-04-04T02:41:27.898981Z,KXETHMINY-27JAN01-750,"Will Ethereum reach below $750.00 by Jan 1, 2027 at 12:00AM ET?",Crypto,NO,-19.79,0.205,0.0071,70,0.8,40.0,1,80,,,
2026-04-04T02:41:28.115078Z,KXETHMAXY-27JAN01-3500.00,"Will Ethereum reach above $3500.00 by Jan 1, 2027 at 12:00AM?",Crypto,NO,-22.92,0.325,0.0958,75,0.68,39.44,1,68,,,
2026-04-04T02:41:28.259085Z,KXETHMAXY-27JAN01-3750.00,"Will Ethereum reach above $3750.00 by Jan 1, 2027 at 12:00AM?",Crypto,NO,-17.97,0.25,0.0703,70,0.76,39.52,1,76,,,
2026-04-04T02:41:28.460835Z,KXETHMAXY-27JAN01-4000.00,"Will Ethereum reach above $4000.00 by Jan 1, 2027 at 12:00AM?",Crypto,NO,-15.36,0.205,0.0514,75,0.81,39.69,1,81,,,
2026-04-04T02:41:28.605432Z,KXETHMAXY-27JAN01-4250.00,"Will Ethereum reach above $4250.00 by Jan 1, 2027 at 12:00AM?",Crypto,NO,-13.74,0.175,0.0376,63,0.84,19.32,1,84,,,
2026-04-04T02:41:28.743794Z,KXETHMAXY-27JAN01-4500.00,"Will Ethereum reach above $4500.00 by Jan 1, 2027 at 12:00AM?",Crypto,NO,-13.75,0.165,0.0275,68,0.84,19.32,1,84,,,
2026-04-04T02:41:29.050044Z,KXETHMAXY-27JAN01-4750.00,"Will Ethereum reach above $4750.00 by Jan 1, 2027 at 12:00AM?",Crypto,NO,-11.48,0.135,0.0202,63,0.87,19.14,1,87,,,
2026-04-04T02:41:29.281059Z,KXETHMAXY-27JAN01-5000.00,"Will Ethereum reach above $5000.00 by Jan 1, 2027 at 12:00AM?",Crypto,NO,-10.02,0.115,0.0148,63,0.89,19.58,1,89,,,
2026-04-04T02:41:29.436927Z,KXETHMAXY-27JAN01-6000.00,"Will Ethereum reach above $6000.00 by Jan 1, 2027 at 12:00AM?",Crypto,NO,-8.56,0.09,0.0044,68,0.92,19.32,1,92,,,
2026-04-04T02:41:29.650874Z,KXBTCMINY-27JAN01-60000.00,"Will Bitcoin be below $60000.00 by Jan 1, 2027 at 12:00am ET?",Crypto,NO,-41.46,0.77,0.3554,90,0.48,49.92,1,24,,,
2026-04-04T02:41:29.814491Z,KXBTCMINY-27JAN01-55000.00,"Will Bitcoin be below $55000.00 by Jan 1, 2027 at 12:00am ET?",Crypto,NO,-42.83,0.68,0.2517,90,0.33,49.83,1,33,,,
2026-04-04T02:41:30.083202Z,KXBTCMINY-27JAN01-50000.00,"Will Bitcoin be below $50000.00 by Jan 1, 2027 at 12:00am ET?",Crypto,NO,-41.54,0.575,0.1596,90,0.43,49.88,1,43,,,
2026-04-04T02:41:30.240146Z,KXBTCMINY-27JAN01-45000.00,"Will Bitcoin be below $45000.00 by Jan 1, 2027 at 12:00am ET?",Crypto,NO,-33.77,0.425,0.0873,90,0.58,49.88,1,58,,,
2026-04-04T02:41:30.563104Z,KXBTCMINY-27JAN01-40000.00,"Will Bitcoin be below $40000.00 by Jan 1, 2027 at 12:00am ET?",Crypto,NO,-30.59,0.345,0.0391,90,0.66,49.5,1,66,,,
2026-04-04T02:41:30.730330Z,KXBTCMAX100-26-SEP,"Will Bitcoin be above $100000 by October 1, 2026 at 12:00AM ET?",Crypto,NO,-15.03,0.195,0.0447,75,0.81,39.69,1,81,,,
2026-04-04T02:41:30.935296Z,KXBTCMAX100-26-DEC,"Will Bitcoin be above $100000.00 by Jan 1, 2027 at 12:00AM ET?",Crypto,NO,-22.15,0.305,0.0835,75,0.7,39.9,1,70,,,
2026-04-04T02:41:31.071922Z,KXBTCMAXY-26DEC31-99999.99,"Will Bitcoin be above $99,999.99 by Dec 31, 2026 at 11:59 PM ET?",Crypto,NO,-23.15,0.315,0.0835,80,0.69,39.33,1,69,,,
2026-04-04T02:41:31.352478Z,KXBTCMAXY-26DEC31-109999.99,"Will Bitcoin be above $109,999.99 by Dec 31, 2026 at 11:59 PM ET?",Crypto,NO,-16.12,0.205,0.0438,75,0.8,40.0,1,80,,,
2026-04-04T02:41:31.498681Z,KXBTCMAXY-26DEC31-119999.99,"Will Bitcoin be above $119,999.99 by Dec 31, 2026 at 11:59 PM ET?",Crypto,NO,-13.26,0.155,0.0224,68,0.85,19.55,1,85,,,
2026-04-04T02:41:31.777766Z,KXBTCMAXY-26DEC31-129999.99,"Will Bitcoin be above $129,999.99 by Dec 31, 2026 at 11:59 PM ET?",Crypto,NO,-10.37,0.115,0.0113,68,0.89,19.58,1,89,,,
2026-04-04T02:41:31.926385Z,KXBTCMAXY-26DEC31-139999.99,"Will Bitcoin be above $139,999.99 by Dec 31, 2026 at 11:59 PM ET?",Crypto,NO,-8.94,0.095,0.0056,63,0.91,19.11,1,91,,,
2026-04-04T02:41:32.242807Z,KXBTCMAXY-26DEC31-149999.99,"Will Bitcoin be above $149,999.99 by Dec 31, 2026 at 11:59 PM ET?",Crypto,NO,-8.22,0.085,0.0028,63,0.92,19.32,1,92,,,
2026-04-04T02:41:32.491064Z,KXNASDAQ100POS-26DEC31H1600-T25249.85,"Will the Nasdaq-100 be above 25249.85 at the end of Dec 31, 2026 at 4pm EST?",Financials,NO,-48.5,0.485,0.0,85,0.53,49.82,1,53,,,
2026-04-04T02:41:32.645394Z,KXINXPOS-26DEC31H1900-T6845.5,"Will the S&P 500 be above 6845.5 on Dec 31, 2026 at 4pm EST?",Financials,NO,-50.0,0.5,0.0,95,0.51,49.98,1,51,,,
2026-04-04T02:41:32.927025Z,KXNASDAQ100Y-26DEC31H1600-T19000,"Will the Nasdaq-100 be below 19000 at the end of Dec 31, 2026 at 4pm EST?",Financials,YES,80.5,0.195,1.0,95,0.42,49.98,1,21,,,
2026-04-04T02:41:33.063298Z,KXINXY-26DEC31H1600-T4000,"Will the S&P 500 be below 4000 on Dec 31, 2026 at 4pm EST?",Financials,YES,94.5,0.055,1.0,85,0.48,49.98,1,6,,,
2026-04-04T02:41:33.305485Z,KXRATECUTCOUNT-26DEC31-T1,Will the Fed cut rates 1 times?,Economics,YES,18.4,0.24,0.424,80,0.25,40.0,1,25,,,
2026-04-04T02:41:33.443860Z,KXRATECUTCOUNT-26DEC31-T2,Will the Fed cut rates 2 times?,Economics,YES,25.9,0.165,0.424,90,0.34,49.98,1,17,,,
2026-04-04T02:41:33.655698Z,KXRATECUTCOUNT-26DEC31-T3,Will the Fed cut rates 3 times?,Economics,YES,31.9,0.105,0.424,85,0.44,49.94,1,11,,,
2026-04-04T02:41:33.815808Z,KXEMERCUTS-26-T0,Will the Fed cut rates 0 times at emergency meetings?,Economics,NO,-36.6,0.79,0.424,90,0.44,49.94,1,22,,,
2026-04-04T02:41:34.221347Z,KXMETAHEADCOUNT-26JUL-76000,"Will Meta Platforms, Inc. report above 76000 Headcount in Q1 2026?",Companies,NO,-91.5,0.915,0.0,85,0.45,49.95,1,9,,,
2026-04-04T02:41:34.547351Z,KXMETAHEADCOUNT-26JUL-77000,"Will Meta Platforms, Inc. report above 77000 Headcount in Q1 2026?",Companies,NO,-69.5,0.695,0.0,90,0.32,49.92,1,32,,,
2026-04-04T02:41:34.694420Z,KXFEDDECISION-26JUL-H0,Will the Federal Reserve Hike rates by 0bps at their July 2026 meeting?,Economics,NO,-25.4,0.83,0.576,85,0.36,49.86,1,18,,,
2026-04-04T02:41:34.940744Z,KXFEDDECISION-26JUN-C25,Will the Federal Reserve Cut rates by 25bps at their June 2026 meeting?,Economics,YES,36.4,0.06,0.424,85,0.49,49.98,1,7,,,
2026-04-04T02:41:35.089128Z,KXFEDDECISION-26JUN-H0,Will the Federal Reserve Hike rates by 0bps at their June 2026 meeting?,Economics,NO,-32.9,0.905,0.576,95,0.5,50.0,1,10,,,
2026-04-04T02:41:35.282318Z,KXPCECORE-26APR-T0.1,Will the rate of core PCE inflation be above 0.1% in April 2026?,Economics,NO,-14.5,0.945,0.8,73,0.16,20.0,1,8,,,
2026-04-04T02:41:35.468478Z,KXRAINHOUM-26APR-3,Rain in Houston in Apr 2026?,Climate and Weather,NO,-69.0,0.71,0.02,85,0.3,49.8,1,30,,,
2026-04-04T02:41:35.687817Z,KXETHMAXMON-ETH-26APR30-250000,"Will ETH trimmed mean be above $2500.00 by 11:59 PM ET on Apr 30, 2026?",Crypto,NO,-17.29,0.235,0.0621,70,0.77,39.27,1,77,,,
2026-04-04T02:41:35.845490Z,KXBTCMINMON-BTC-26APR30-6500000,"Will BTC trimmed mean be below $65000.00 by 11:59 PM ET on Apr 30, 2026?",Crypto,NO,-41.49,0.795,0.3801,80,0.42,49.98,1,21,,,
2026-04-04T02:41:36.155842Z,KXBTCMINMON-BTC-26APR30-6250000,"Will BTC trimmed mean be below $62500.00 by 11:59 PM ET on Apr 30, 2026?",Crypto,NO,-32.29,0.555,0.2321,80,0.45,49.95,1,45,,,
2026-04-04T02:41:36.319922Z,KXBTCMINMON-BTC-26APR30-6000000,"Will BTC trimmed mean be below $60000.00 by 11:59 PM ET on Apr 30, 2026?",Crypto,NO,-27.52,0.395,0.1198,80,0.61,49.41,1,61,,,
2026-04-04T02:41:36.748092Z,KXBTCMAXMON-BTC-26APR30-7000000,"Will BTC trimmed mean be above $70000.00 by 11:59 PM ET on Apr 30, 2026?",Crypto,NO,-37.69,0.685,0.3081,80,0.32,49.92,1,32,,,
2026-04-04T02:41:36.909085Z,KXBTCMAXMON-BTC-26APR30-7250000,"Will BTC trimmed mean be above $72500.00 by 11:59 PM ET on Apr 30, 2026?",Crypto,NO,-29.64,0.485,0.1886,80,0.52,49.92,1,52,,,
2026-04-04T02:41:37.053290Z,KXBTCMAXMON-BTC-26APR30-7500000,"Will BTC trimmed mean be above $75000.00 by 11:59 PM ET on Apr 30, 2026?",Crypto,NO,-19.97,0.305,0.1053,70,0.7,39.9,1,70,,,
2026-04-04T02:41:37.248528Z,KXJPMOMINF-26APR17-T-0.3,Will the Japan inflation rate MoM for March 2026 be above -0.3%?,Economics,NO,-13.5,0.935,0.8,68,0.16,20.0,1,8,,,
2026-04-04T02:41:37.397371Z,KXJPMOMINF-26APR17-T-0.1,Will the Japan inflation rate MoM for March 2026 be above -0.1%?,Economics,NO,-13.5,0.935,0.8,68,0.16,20.0,1,8,,,
2026-04-04T02:41:37.632684Z,KXUSGASCPI-26APR10-T315,Will Gasoline (All Types) in U.S. City Average for March 2026 be above 315?,Economics,NO,-90.0,0.9,0.0,85,0.36,49.86,1,18,,,
2026-04-04T02:41:37.773948Z,KXUSGASCPI-26APR10-T320,Will Gasoline (All Types) in U.S. City Average for March 2026 be above 320?,Economics,NO,-93.5,0.935,0.0,85,0.5,50.0,1,10,,,
2026-04-04T02:41:37.900228Z,KXCPICOREYOY-26MAR-T2.6,Will the rate of core CPI inflation be above 2.6% for the year ending in March 2026?,Economics,YES,14.13,0.53,0.6713,68,0.54,19.98,1,54,,,
2026-04-04T02:41:38.107892Z,KXCPIYOY-26MAR-T3.1,Will the rate of CPI inflation be above 3.1% for the year ending in March 2026?,Economics,NO,-31.37,0.935,0.6213,95,0.49,49.98,1,7,,,
2026-04-04T02:41:38.244970Z,KXCPIYOY-26MAR-T3.2,Will the rate of CPI inflation be above 3.2% for the year ending in March 2026?,Economics,NO,-22.87,0.84,0.6113,85,0.34,39.95,1,17,,,
2026-04-04T02:41:38.417719Z,KXCPIYOY-26MAR-T3.3,Will the rate of CPI inflation be above 3.3% for the year ending in March 2026?,Economics,YES,13.63,0.465,0.6013,73,0.47,19.74,1,47,,,
2026-04-04T02:41:38.573729Z,KXCPIYOY-26MAR-T3.4,Will the rate of CPI inflation be above 3.4% for the year ending in March 2026?,Economics,YES,42.63,0.165,0.5913,85,0.38,49.97,1,19,,,
2026-04-04T02:41:38.711222Z,KXHIGHMIA-26APR04-B82.5,"Will the **high temp in Miami** be 82-83° on Apr 4, 2026?",Climate and Weather,NO,-41.23,0.635,0.2227,85,0.37,49.95,1,37,,,
2026-04-04T02:41:38.898960Z,FEDHIKE-27JUN30,"Will the Federal Reserve hike rates by June 30, 2027?",Economics,YES,23.6,0.34,0.576,75,0.35,39.9,1,35,,,
2026-04-04T02:41:39.025114Z,FEDHIKE-26DEC31,"Will the Federal Reserve hike rates by December 31, 2026?",Economics,YES,39.1,0.185,0.576,90,0.4,50.0,1,20,,,
2026-04-04T04:57:14.246901Z,KXTESLASEMI-27JAN-5000,Will Tesla Inc report above 5000 Semi Trucks Produced before Jan 2027?,Companies,NO,-19.5,0.195,0.0,75,0.83,39.84,1,83,,,
2026-04-04T11:37:50.629240Z,KXCPICOREYOY-26MAR-T2.7,Will the rate of core CPI inflation be above 2.7% for the year ending in March 2026?,Economics,YES,45.63,0.205,0.6613,85,0.44,49.94,1,22,,,
2026-04-04T13:16:16.871871Z,KXHIGHMIA-26APR04-B84.5,"Will the **high temp in Miami** be 84-85° on Apr 4, 2026?",Climate and Weather,NO,-8.93,0.295,0.2057,63,0.72,19.44,1,72,,,
2026-04-04T14:08:10.207589Z,KXHIGHNY-26APR04-B70.5,"Will the **high temp in NYC** be 70-71° on Apr 4, 2026?",Climate and Weather,NO,-41.23,0.425,0.0127,80,0.58,49.88,1,58,,,
2026-04-04T15:02:56.016694Z,KXHIGHCHI-26APR04-B59.5,"Will the high temp in Chicago be 59-60° on Apr 4, 2026?",Climate and Weather,NO,-79.44,0.895,0.1006,80,0.44,49.94,1,11,,,
2026-04-04T15:58:42.396256Z,KXEMERCUTS-26-T1,Will the Fed cut rates 1 times at emergency meetings?,Economics,YES,32.9,0.095,0.424,85,0.48,49.92,1,12,,,
2026-04-04T15:58:42.685042Z,KXHIGHNY-26APR04-B68.5,"Will the **high temp in NYC** be 68-69° on Apr 4, 2026?",Climate and Weather,NO,-28.5,0.295,0.01,80,0.72,49.68,1,72,,,
2026-04-04T15:58:42.890389Z,KXHIGHAUS-26APR04-B77.5,"Will the **high temp in Austin** be 77-78° on Apr 4, 2026?",Climate and Weather,NO,-66.93,0.875,0.2057,80,0.45,49.95,1,15,,,
2026-04-04T18:57:38.019725Z,KXHIGHNY-26APR04-B72.5,"Will the **high temp in NYC** be 72-73° on Apr 4, 2026?",Climate and Weather,NO,-83.74,0.905,0.0676,85,0.48,49.92,1,12,,,
2026-04-05T02:59:08.331545Z,KXCITRINI-28JUL01,"Will the number of unemployment rate exceeds 10% (monthly BLS); S&P 500 declines more than 30% from its closing level on Issuance; Zillow Home Value Index declines more than 10% YoY in any of: NYC, LA, San Francisco, Chicago, Houston, Phoenix; labor share of gross domestic income (GDI) first-release value for any quarter falls below 50%; CPI-U (All items, not seasonally-adjusted) YoY falls below 0% in any monthly release during before July 2028 be above 2?",Elections,NO,-10.0,0.3,0.2,78,0.7,19.6,1,70,,,
2026-04-05T02:59:08.557750Z,KXTESLASEMI-27JAN-1000,Will Tesla Inc report above 1000 Semi Trucks Produced before Jan 2027?,Companies,NO,-59.34,0.595,0.0016,85,0.43,49.88,1,43,,,
2026-04-05T02:59:08.852709Z,KXRATECUT-26DEC31,Will the Federal Reserve cut rates before 2027?,Economics,NO,-22.6,0.65,0.424,80,0.36,39.96,1,36,,,
2026-04-05T02:59:09.144314Z,KXLARGECUT-26,Will the Fed cut rates more than 25 bps in 2026?,Economics,YES,25.9,0.165,0.424,90,0.36,49.86,1,18,,,
2026-04-05T02:59:09.348266Z,KXSOLMAXY-27JAN01-150,"Will the spot price of Solana be above $150.00 before Jan 1, 2027 at 12:00 AM ET?",Crypto,NO,-29.26,0.345,0.0524,80,0.66,49.5,1,66,,,
2026-04-05T02:59:09.725517Z,KXSOLMAXY-27JAN01-160,"Will the spot price of Solana be above $160.00 before Jan 1, 2027 at 12:00 AM ET?",Crypto,NO,-26.83,0.305,0.0367,80,0.72,49.68,1,72,,,
2026-04-05T02:59:10.050883Z,KXSOLMAXY-27JAN01-170,"Will the spot price of Solana be above $170.00 before Jan 1, 2027 at 12:00 AM ET?",Crypto,NO,-23.43,0.26,0.0257,70,0.76,39.52,1,76,,,
2026-04-05T02:59:10.254145Z,KXSOLMAXY-27JAN01-180,"Will the spot price of Solana be above $180.00 before Jan 1, 2027 at 12:00 AM ET?",Crypto,NO,-21.7,0.235,0.018,70,0.79,39.5,1,79,,,
2026-04-05T02:59:10.498475Z,KXETHMINY-27JAN01-1750,"Will Ethereum reach below $1750.00 by Jan 1, 2027 at 12:00AM ET?",Crypto,NO,-45.44,0.8,0.3456,85,0.44,49.94,1,22,,,
2026-04-05T02:59:10.727081Z,KXETHMINY-27JAN01-1500,"Will Ethereum reach below $1500.00 by Jan 1, 2027 at 12:00AM ET?",Crypto,NO,-43.57,0.655,0.2193,85,0.36,49.68,1,36,,,
2026-04-05T02:59:10.900982Z,KXETHMINY-27JAN01-1250,"Will Ethereum reach below $1250.00 by Jan 1, 2027 at 12:00AM ET?",Crypto,NO,-38.39,0.495,0.1111,85,0.51,49.98,1,51,,,
2026-04-05T02:59:11.102490Z,KXETHMINY-27JAN01-1000,"Will Ethereum reach below $1000.00 by Jan 1, 2027 at 12:00AM ET?",Crypto,NO,-27.63,0.315,0.0387,85,0.69,49.68,1,69,,,
2026-04-05T02:59:11.206082Z,KXETHMINY-27JAN01-750,"Will Ethereum reach below $750.00 by Jan 1, 2027 at 12:00AM ET?",Crypto,NO,-19.83,0.205,0.0067,70,0.8,40.0,1,80,,,
2026-04-05T02:59:11.361500Z,KXETHMAXY-27JAN01-3500.00,"Will Ethereum reach above $3500.00 by Jan 1, 2027 at 12:00AM?",Crypto,NO,-22.8,0.325,0.097,75,0.68,39.44,1,68,,,
2026-04-05T02:59:11.467670Z,KXETHMAXY-27JAN01-3750.00,"Will Ethereum reach above $3750.00 by Jan 1, 2027 at 12:00AM?",Crypto,NO,-17.39,0.245,0.0711,70,0.76,39.52,1,76,,,
2026-04-05T02:59:11.591680Z,KXETHMAXY-27JAN01-4000.00,"Will Ethereum reach above $4000.00 by Jan 1, 2027 at 12:00AM?",Crypto,NO,-16.3,0.215,0.052,75,0.79,39.5,1,79,,,
2026-04-05T02:59:11.782838Z,KXETHMAXY-27JAN01-4250.00,"Will Ethereum reach above $4250.00 by Jan 1, 2027 at 12:00AM?",Crypto,NO,-14.69,0.185,0.0381,63,0.82,19.68,1,82,,,
2026-04-05T02:59:11.891120Z,KXETHMAXY-27JAN01-4500.00,"Will Ethereum reach above $4500.00 by Jan 1, 2027 at 12:00AM?",Crypto,NO,-14.22,0.17,0.0278,68,0.84,19.32,1,84,,,
2026-04-05T02:59:11.995713Z,KXETHMAXY-27JAN01-4750.00,"Will Ethereum reach above $4750.00 by Jan 1, 2027 at 12:00AM?",Crypto,NO,-12.46,0.145,0.0204,63,0.86,19.78,1,86,,,
2026-04-05T02:59:12.181149Z,KXETHMAXY-27JAN01-5000.00,"Will Ethereum reach above $5000.00 by Jan 1, 2027 at 12:00AM?",Crypto,NO,-10.0,0.115,0.015,63,0.89,19.58,1,89,,,
2026-04-05T02:59:12.283873Z,KXETHMAXY-27JAN01-6000.00,"Will Ethereum reach above $6000.00 by Jan 1, 2027 at 12:00AM?",Crypto,NO,-9.06,0.095,0.0044,68,0.91,19.11,1,91,,,
2026-04-05T02:59:12.395217Z,KXBTCMINY-27JAN01-60000.00,"Will Bitcoin be below $60000.00 by Jan 1, 2027 at 12:00am ET?",Crypto,NO,-44.63,0.795,0.3487,90,0.42,49.98,1,21,,,
2026-04-05T02:59:12.565764Z,KXBTCMINY-27JAN01-55000.00,"Will Bitcoin be below $55000.00 by Jan 1, 2027 at 12:00am ET?",Crypto,NO,-43.48,0.68,0.2452,90,0.33,49.83,1,33,,,
2026-04-05T02:59:12.675590Z,KXBTCMINY-27JAN01-50000.00,"Will Bitcoin be below $50000.00 by Jan 1, 2027 at 12:00am ET?",Crypto,NO,-44.1,0.595,0.154,90,0.43,49.88,1,43,,,
2026-04-05T02:59:12.783927Z,KXBTCMINY-27JAN01-45000.00,"Will Bitcoin be below $45000.00 by Jan 1, 2027 at 12:00am ET?",Crypto,NO,-35.18,0.435,0.0832,90,0.57,49.59,1,57,,,
2026-04-05T02:59:12.987086Z,KXBTCMINY-27JAN01-40000.00,"Will Bitcoin be below $40000.00 by Jan 1, 2027 at 12:00am ET?",Crypto,NO,-31.83,0.355,0.0367,90,0.65,49.4,1,65,,,
2026-04-05T02:59:13.090702Z,KXBTCMAX100-26-SEP,"Will Bitcoin be above $100000 by October 1, 2026 at 12:00AM ET?",Crypto,NO,-16.99,0.215,0.0451,75,0.8,40.0,1,80,,,
2026-04-05T02:59:13.186409Z,KXBTCMAX100-26-DEC,"Will Bitcoin be above $100000.00 by Jan 1, 2027 at 12:00AM ET?",Crypto,NO,-21.08,0.295,0.0842,75,0.71,39.76,1,71,,,
2026-04-05T02:59:13.549161Z,KXBTCMAXY-26DEC31-99999.99,"Will Bitcoin be above $99,999.99 by Dec 31, 2026 at 11:59 PM ET?",Crypto,NO,-23.08,0.315,0.0842,80,0.69,39.33,1,69,,,
2026-04-05T02:59:13.774423Z,KXBTCMAXY-26DEC31-109999.99,"Will Bitcoin be above $109,999.99 by Dec 31, 2026 at 11:59 PM ET?",Crypto,NO,-16.11,0.205,0.0439,75,0.8,40.0,1,80,,,
2026-04-05T02:59:13.873783Z,KXBTCMAXY-26DEC31-119999.99,"Will Bitcoin be above $119,999.99 by Dec 31, 2026 at 11:59 PM ET?",Crypto,NO,-13.27,0.155,0.0223,68,0.85,19.55,1,85,,,
2026-04-05T02:59:13.981481Z,KXBTCMAXY-26DEC31-129999.99,"Will Bitcoin be above $129,999.99 by Dec 31, 2026 at 11:59 PM ET?",Crypto,NO,-10.38,0.115,0.0112,68,0.89,19.58,1,89,,,
2026-04-05T02:59:14.150133Z,KXBTCMAXY-26DEC31-139999.99,"Will Bitcoin be above $139,999.99 by Dec 31, 2026 at 11:59 PM ET?",Crypto,NO,-9.45,0.1,0.0055,63,0.91,19.11,1,91,,,
2026-04-05T02:59:14.251517Z,KXBTCMAXY-26DEC31-149999.99,"Will Bitcoin be above $149,999.99 by Dec 31, 2026 at 11:59 PM ET?",Crypto,NO,-9.23,0.095,0.0027,63,0.91,19.11,1,91,,,
2026-04-05T02:59:14.351173Z,KXNASDAQ100POS-26DEC31H1600-T25249.85,"Will the Nasdaq-100 be above 25249.85 at the end of Dec 31, 2026 at 4pm EST?",Financials,NO,-47.0,0.47,0.0,85,0.55,49.5,1,55,,,
2026-04-05T02:59:14.592795Z,KXINXPOS-26DEC31H1900-T6845.5,"Will the S&P 500 be above 6845.5 on Dec 31, 2026 at 4pm EST?",Financials,NO,-48.5,0.485,0.0,95,0.52,49.92,1,52,,,
2026-04-05T02:59:14.691383Z,KXNASDAQ100Y-26DEC31H1600-T19000,"Will the Nasdaq-100 be below 19000 at the end of Dec 31, 2026 at 4pm EST?",Financials,YES,81.5,0.185,1.0,95,0.4,50.0,1,20,,,
2026-04-05T02:59:14.796524Z,KXINXY-26DEC31H1600-T4000,"Will the S&P 500 be below 4000 on Dec 31, 2026 at 4pm EST?",Financials,YES,94.5,0.055,1.0,85,0.48,49.98,1,6,,,
2026-04-05T02:59:14.983679Z,KXRATECUTCOUNT-26DEC31-T1,Will the Fed cut rates 1 times?,Economics,YES,18.9,0.235,0.424,80,0.24,39.84,1,24,,,
2026-04-05T02:59:15.088579Z,KXRATECUTCOUNT-26DEC31-T2,Will the Fed cut rates 2 times?,Economics,YES,25.9,0.165,0.424,90,0.34,49.98,1,17,,,
2026-04-05T02:59:15.194297Z,KXRATECUTCOUNT-26DEC31-T3,Will the Fed cut rates 3 times?,Economics,YES,32.9,0.095,0.424,85,0.5,50.0,1,10,,,
2026-04-05T02:59:15.645197Z,KXEMERCUTS-26-T0,Will the Fed cut rates 0 times at emergency meetings?,Economics,NO,-39.1,0.815,0.424,90,0.4,50.0,1,20,,,
2026-04-05T02:59:15.830600Z,KXMETAHEADCOUNT-26JUL-76000,"Will Meta Platforms, Inc. report above 76000 Headcount in Q1 2026?",Companies,NO,-91.5,0.915,0.0,85,0.45,49.95,1,9,,,
2026-04-05T02:59:15.927723Z,KXMETAHEADCOUNT-26JUL-77000,"Will Meta Platforms, Inc. report above 77000 Headcount in Q1 2026?",Companies,NO,-71.5,0.715,0.0,90,0.29,49.88,1,29,,,
2026-04-05T02:59:16.100257Z,KXFEDDECISION-26JUL-H0,Will the Federal Reserve Hike rates by 0bps at their July 2026 meeting?,Economics,NO,-26.9,0.845,0.576,85,0.48,49.92,1,16,,,
2026-04-05T02:59:16.211573Z,KXFEDDECISION-26JUN-C25,Will the Federal Reserve Cut rates by 25bps at their June 2026 meeting?,Economics,YES,36.9,0.055,0.424,85,0.48,49.98,1,6,,,
2026-04-05T02:59:16.443186Z,KXFEDDECISION-26JUN-H0,Will the Federal Reserve Hike rates by 0bps at their June 2026 meeting?,Economics,NO,-33.9,0.915,0.576,95,0.45,49.95,1,9,,,
2026-04-05T02:59:16.638039Z,KXPCECORE-26APR-T0.1,Will the rate of core PCE inflation be above 0.1% in April 2026?,Economics,NO,-14.0,0.94,0.8,73,0.16,20.0,1,8,,,
2026-04-05T02:59:16.750635Z,KXRAINHOUM-26APR-3,Rain in Houston in Apr 2026?,Climate and Weather,NO,-76.5,0.875,0.11,85,0.48,49.92,1,16,,,
2026-04-05T02:59:16.943489Z,KXETHMAXMON-ETH-26APR30-250000,"Will ETH trimmed mean be above $2500.00 by 11:59 PM ET on Apr 30, 2026?",Crypto,NO,-15.21,0.215,0.0629,70,0.79,39.5,1,79,,,
2026-04-05T02:59:17.065874Z,KXBTCMINMON-BTC-26APR30-6500000,"Will BTC trimmed mean be below $65000.00 by 11:59 PM ET on Apr 30, 2026?",Crypto,NO,-39.73,0.755,0.3577,85,0.5,50.0,1,25,,,
2026-04-05T02:59:17.171698Z,KXBTCMINMON-BTC-26APR30-6250000,"Will BTC trimmed mean be below $62500.00 by 11:59 PM ET on Apr 30, 2026?",Crypto,NO,-32.38,0.535,0.2112,85,0.47,49.82,1,47,,,
2026-04-05T02:59:17.342623Z,KXBTCMINMON-BTC-26APR30-6000000,"Will BTC trimmed mean be below $60000.00 by 11:59 PM ET on Apr 30, 2026?",Crypto,NO,-27.07,0.375,0.1043,80,0.63,49.77,1,63,,,
2026-04-05T02:59:17.466377Z,KXBTCMAXMON-BTC-26APR30-7000000,"Will BTC trimmed mean be above $70000.00 by 11:59 PM ET on Apr 30, 2026?",Crypto,NO,-38.3,0.705,0.322,85,0.3,49.8,1,30,,,
2026-04-05T02:59:17.568005Z,KXBTCMAXMON-BTC-26APR30-7250000,"Will BTC trimmed mean be above $72500.00 by 11:59 PM ET on Apr 30, 2026?",Crypto,NO,-28.83,0.485,0.1967,80,0.52,49.92,1,52,,,
2026-04-05T02:59:17.741949Z,KXBTCMAXMON-BTC-26APR30-7500000,"Will BTC trimmed mean be above $75000.00 by 11:59 PM ET on Apr 30, 2026?",Crypto,NO,-18.59,0.295,0.1091,70,0.71,39.76,1,71,,,
2026-04-05T02:59:17.846804Z,KXJPMOMINF-26APR17-T-0.3,Will the Japan inflation rate MoM for March 2026 be above -0.3%?,Economics,NO,-14.0,0.94,0.8,68,0.14,19.95,1,7,,,
2026-04-05T02:59:17.952719Z,KXJPMOMINF-26APR17-T-0.1,Will the Japan inflation rate MoM for March 2026 be above -0.1%?,Economics,NO,-14.0,0.94,0.8,68,0.14,19.95,1,7,,,
2026-04-05T02:59:18.201042Z,KXCPICOREYOY-26MAR-T2.6,Will the rate of core CPI inflation be above 2.6% for the year ending in March 2026?,Economics,YES,9.63,0.575,0.6713,68,0.58,19.72,1,58,,,
2026-04-05T02:59:18.310322Z,KXCPICOREYOY-26MAR-T2.7,Will the rate of core CPI inflation be above 2.7% for the year ending in March 2026?,Economics,YES,44.63,0.215,0.6613,85,0.46,49.91,1,23,,,
2026-04-05T02:59:18.416544Z,KXCPIYOY-26MAR-T3.2,Will the rate of CPI inflation be above 3.2% for the year ending in March 2026?,Economics,NO,-23.37,0.845,0.6113,85,0.32,40.0,1,16,,,
2026-04-05T02:59:18.636093Z,KXCPIYOY-26MAR-T3.3,Will the rate of CPI inflation be above 3.3% for the year ending in March 2026?,Economics,YES,9.63,0.505,0.6013,73,0.51,19.89,1,51,,,
2026-04-05T02:59:18.883647Z,KXCPIYOY-26MAR-T3.4,Will the rate of CPI inflation be above 3.4% for the year ending in March 2026?,Economics,YES,35.63,0.235,0.5913,85,0.26,49.92,1,26,,,
2026-04-05T02:59:19.037977Z,KXHIGHMIA-26APR05-B83.5,"Will the **high temp in Miami** be 83-84° on Apr 5, 2026?",Climate and Weather,NO,-35.43,0.56,0.2057,85,0.46,49.68,1,46,,,
2026-04-05T02:59:19.134977Z,FEDHIKE-27JUN30,"Will the Federal Reserve hike rates by June 30, 2027?",Economics,YES,24.6,0.33,0.576,75,0.35,39.9,1,35,,,
2026-04-05T02:59:19.313641Z,FEDHIKE-26DEC31,"Will the Federal Reserve hike rates by December 31, 2026?",Economics,YES,40.1,0.175,0.576,90,0.36,49.86,1,18,,,
2026-04-05T05:21:53.460131Z,KXCPIYOY-26MAR-T3.1,Will the rate of CPI inflation be above 3.1% for the year ending in March 2026?,Economics,NO,-31.37,0.935,0.6213,95,0.49,49.98,1,7,,,
2026-04-05T11:39:38.000660Z,KXUSGASCPI-26APR10-T320,Will Gasoline (All Types) in U.S. City Average for March 2026 be above 320?,Economics,NO,-94.5,0.945,0.0,85,0.45,49.95,1,9,,,
2026-04-05T15:59:46.938095Z,KXEMERCUTS-26-T1,Will the Fed cut rates 1 times at emergency meetings?,Economics,YES,32.9,0.095,0.424,85,0.48,49.92,1,12,,,
2026-04-05T18:59:31.097435Z,KXBRENTD-26APR0518-T113,"Will the brent crude oil close price be above $113 on Apr 5, 2026 at 6pm EDT?",Financials,NO,-31.0,0.63,0.32,70,0.45,49.95,1,45,,,
2026-04-05T19:43:43.946780Z,KXHIGHCHI-26APR05-B52.5,"Will the high temp in Chicago be 52-53° on Apr 5, 2026?",Climate and Weather,NO,-60.74,0.675,0.0676,80,0.35,49.7,1,35,,,
2026-04-05T20:45:33.759196Z,KXHIGHDEN-26APR05-B66.5,"Will the **high temp in Denver** be 66-67° on Apr 5, 2026?",Climate and Weather,NO,-57.93,0.785,0.2057,80,0.48,49.92,1,24,,,
